estimand,metric_scale,stage,contrast_type,selection_method,target,grouping,equal_group_estimate,cluster_bootstrap_ci_low,cluster_bootstrap_ci_high,confidence_level,bootstrap_samples,n_groups_total,n_groups_eligible,leave_one_group_out_min,leave_one_group_out_min_omitted,leave_one_group_out_max,leave_one_group_out_max_omitted,max_absolute_leave_one_out_change
selector_effect::raw_yes_minus_no::vision.late::vision_cls_attention::target_0,raw_yes_minus_no,vision.late,selector_effect_by_target,vision_cls_attention,0,attribute_id,0.06239802908399702,-0.006796656003664694,0.1306157540362544,0.95,10000,26,26,0.048333310366404515,104,0.07553631135846801,102,0.014064718717592503
selector_effect::raw_yes_minus_no::vision.late::vision_cls_attention::target_0,raw_yes_minus_no,vision.late,selector_effect_by_target,vision_cls_attention,0,class_id,0.026463543388999117,-0.021080159666676996,0.08047272966442072,0.95,10000,20,20,0.008981660060161977,99,0.03526267428191428,123,0.01748188332883714
selector_effect::raw_yes_minus_no::vision.late::vision_cls_attention::target_1,raw_yes_minus_no,vision.late,selector_effect_by_target,vision_cls_attention,1,attribute_id,0.09395836109802369,0.022232416039446774,0.16634657244134324,0.95,10000,26,26,0.07966113998638909,2,0.10677268512527797,102,0.014297221111634603
selector_effect::raw_yes_minus_no::vision.late::vision_cls_attention::target_1,raw_yes_minus_no,vision.late,selector_effect_by_target,vision_cls_attention,1,class_id,0.06537976784680886,0.02560248020717076,0.1040016907384156,0.95,10000,20,20,0.057498679696202315,130,0.07326012921844542,36,0.00788108815060655
selector_target_difference::raw_yes_minus_no::vision.late::vision_cls_attention,raw_yes_minus_no,vision.late,selector_target_difference,vision_cls_attention,,attribute_id,0.03156033201402667,-0.01690246310846692,0.07790921735110169,0.95,10000,26,26,0.021650870294587742,2,0.04514045362792107,310,0.013580121613894401
selector_target_difference::raw_yes_minus_no::vision.late::vision_cls_attention,raw_yes_minus_no,vision.late,selector_target_difference,vision_cls_attention,,class_id,0.03891622445780975,-0.007567341557255491,0.0858569590250651,0.95,10000,20,20,0.028015529909118864,150,0.05168356637397893,99,0.012767341916169184
selector_effect::raw_yes_minus_no::vision.late::logit_concept::target_0,raw_yes_minus_no,vision.late,selector_effect_by_target,logit_concept,0,attribute_id,-0.035776022951422064,-0.05699443583940653,-0.01417660165987804,0.95,10000,26,26,-0.04081817498059006,102,-0.03145706386947895,101,0.0050421520291679955
selector_effect::raw_yes_minus_no::vision.late::logit_concept::target_0,raw_yes_minus_no,vision.late,selector_effect_by_target,logit_concept,0,class_id,-0.032556225542879194,-0.08043444307519014,0.017226232135106632,0.95,10000,20,20,-0.0505139349386197,99,-0.019132040532465425,56,0.017957709395740505
selector_effect::raw_yes_minus_no::vision.late::logit_concept::target_1,raw_yes_minus_no,vision.late,selector_effect_by_target,logit_concept,1,attribute_id,-0.03154486446775849,-0.06679891518631328,0.003352536159304159,0.95,10000,26,26,-0.03863999237980216,311,-0.02294554793535772,2,0.008599316532400772
selector_effect::raw_yes_minus_no::vision.late::logit_concept::target_1,raw_yes_minus_no,vision.late,selector_effect_by_target,logit_concept,1,class_id,-0.006393345424107141,-0.028027185187768682,0.019861131133225858,0.95,10000,20,20,-0.015695937434732663,131,-0.002133997102130324,123,0.009302592010625523
selector_target_difference::raw_yes_minus_no::vision.late::logit_concept,raw_yes_minus_no,vision.late,selector_target_difference,logit_concept,,attribute_id,0.004231158483663577,-0.03533839863026875,0.04042110768577201,0.95,10000,26,26,-0.002266261843656546,107,0.015199015934121232,2,0.010967857450457655
selector_target_difference::raw_yes_minus_no::vision.late::logit_concept,raw_yes_minus_no,vision.late,selector_target_difference,logit_concept,,class_id,0.02616288011877205,-0.024705689445374494,0.07496419690651869,0.95,10000,20,20,0.01544801221079319,56,0.0422612475561009,99,0.016098367437328853
selector_difference::raw_yes_minus_no::vision.late::target_0,raw_yes_minus_no,vision.late,selector_difference_by_target,vision_cls_attention_minus_logit_concept,0,attribute_id,0.12657654916373212,0.03501735557545398,0.2176560933915935,0.95,10000,26,26,0.10779933335250363,101,0.14735141668583698,102,0.020774867522104862
selector_difference::raw_yes_minus_no::vision.late::target_0,raw_yes_minus_no,vision.late,selector_difference_by_target,vision_cls_attention_minus_logit_concept,0,class_id,0.07651908430472884,0.014979199929212136,0.13595225952794313,0.95,10000,20,20,0.06538436749425647,130,0.09136838134833611,67,0.014849297043607268
selector_difference::raw_yes_minus_no::vision.late::target_1,raw_yes_minus_no,vision.late,selector_difference_by_target,vision_cls_attention_minus_logit_concept,1,attribute_id,0.14516525333448171,0.04320495823856476,0.2587886991749774,0.95,10000,26,26,0.11326353013452764,2,0.16249192519625605,117,0.031901723199954074
selector_difference::raw_yes_minus_no::vision.late::target_1,raw_yes_minus_no,vision.late,selector_difference_by_target,vision_cls_attention_minus_logit_concept,1,class_id,0.08248542906746031,0.029811827644469286,0.1355776105608259,0.95,10000,20,20,0.06934001670843776,56,0.09328350172305765,67,0.013145412359022557
selector_difference_target_difference::raw_yes_minus_no::vision.late,raw_yes_minus_no,vision.late,selector_difference_target_difference,vision_cls_attention_minus_logit_concept,,attribute_id,0.018588704170749572,-0.0491635169756773,0.09225842218768684,0.95,10000,26,26,-0.007264969884642667,2,0.03391558567091289,310,0.02585367405539224
selector_difference_target_difference::raw_yes_minus_no::vision.late,raw_yes_minus_no,vision.late,selector_difference_target_difference,vision_cls_attention_minus_logit_concept,,class_id,0.005966344762731484,-0.050973057015232304,0.06230628054987183,0.95,10000,20,20,-0.007470975072229181,150,0.020047079504316348,92,0.014080734741584864
selector_effect::raw_yes_minus_no::projector.output::vision_cls_attention::target_0,raw_yes_minus_no,projector.output,selector_effect_by_target,vision_cls_attention,0,attribute_id,0.0820861030628071,0.009731240226051366,0.15738742871818973,0.95,10000,26,26,0.06629216623293842,104,0.09557137010198605,102,0.015793936829868682
selector_effect::raw_yes_minus_no::projector.output::vision_cls_attention::target_0,raw_yes_minus_no,projector.output,selector_effect_by_target,vision_cls_attention,0,class_id,0.043604339115203374,-0.0031740559572895986,0.09706779827138103,0.95,10000,20,20,0.02650572761656746,99,0.05245958932161132,67,0.017098611498635913
selector_effect::raw_yes_minus_no::projector.output::vision_cls_attention::target_1,raw_yes_minus_no,projector.output,selector_effect_by_target,vision_cls_attention,1,attribute_id,0.11451534685914994,0.03974186549151521,0.19191781600064067,0.95,10000,26,26,0.09958703216208736,104,0.12777868642796036,102,0.014928314697062572
selector_effect::raw_yes_minus_no::projector.output::vision_cls_attention::target_1,raw_yes_minus_no,projector.output,selector_effect_by_target,vision_cls_attention,1,class_id,0.08387926212694279,0.04467073591928634,0.12345694163488963,0.95,10000,20,20,0.0755135553456123,130,0.09247653571319793,36,0.008597273586255144
selector_target_difference::raw_yes_minus_no::projector.output::vision_cls_attention,raw_yes_minus_no,projector.output,selector_target_difference,vision_cls_attention,,attribute_id,0.032429243796342835,-0.017813596368650954,0.07985749260295652,0.95,10000,26,26,0.02265002465930766,2,0.04623013378629179,310,0.013800889989948953
selector_target_difference::raw_yes_minus_no::projector.output::vision_cls_attention,raw_yes_minus_no,projector.output,selector_target_difference,vision_cls_attention,,class_id,0.04027492301173942,-0.00737900732938574,0.08768733053863362,0.95,10000,20,20,0.028944893701267058,150,0.05318732350624826,99,0.012912400494508841
selector_effect::raw_yes_minus_no::projector.output::logit_concept::target_0,raw_yes_minus_no,projector.output,selector_effect_by_target,logit_concept,0,attribute_id,-0.026881529569694765,-0.04988814174654372,-0.004041501372433994,0.95,10000,26,26,-0.03210113599057779,312,-0.022817901863593667,101,0.0052196064208830245
selector_effect::raw_yes_minus_no::projector.output::logit_concept::target_0,raw_yes_minus_no,projector.output,selector_effect_by_target,logit_concept,0,class_id,-0.025038119522982804,-0.06927175079830108,0.02083189949156745,0.95,10000,20,20,-0.04077550919399192,99,-0.012103432953042328,56,0.015737389671009117
selector_effect::raw_yes_minus_no::projector.output::logit_concept::target_1,raw_yes_minus_no,projector.output,selector_effect_by_target,logit_concept,1,attribute_id,-0.024631810453892088,-0.062082869747968956,0.010278901364249738,0.95,10000,26,26,-0.03287294224704777,311,-0.014540693983158883,2,0.010091116470733205
selector_effect::raw_yes_minus_no::projector.output::logit_concept::target_1,raw_yes_minus_no,projector.output,selector_effect_by_target,logit_concept,1,class_id,-0.0007761605076058204,-0.023138614715091762,0.025318023197234613,0.95,10000,20,20,-0.009892433992968531,131,0.0032746389628585354,123,0.009116273485362711
selector_target_difference::raw_yes_minus_no::projector.output::logit_concept,raw_yes_minus_no,projector.output,selector_target_difference,logit_concept,,attribute_id,0.0022497191158026785,-0.037612704136141636,0.03998823406010694,0.95,10000,26,26,-0.003858208786231882,308,0.014423041213768119,2,0.01217332209796544
selector_target_difference::raw_yes_minus_no::projector.output::logit_concept,raw_yes_minus_no,projector.output,selector_target_difference,logit_concept,,class_id,0.024261959015376984,-0.02329230834315062,0.06874550277467757,0.95,10000,20,20,0.014838596600006958,56,0.039298890128968256,99,0.015036931113591272
selector_difference::raw_yes_minus_no::projector.output::target_0,raw_yes_minus_no,projector.output,selector_difference_by_target,vision_cls_attention_minus_logit_concept,0,attribute_id,0.14029015095074596,0.04604834548237273,0.23425882872654902,0.95,10000,26,26,0.12035116175068054,104,0.16061529865544244,102,0.020325147704696483
selector_difference::raw_yes_minus_no::projector.output::target_0,raw_yes_minus_no,projector.output,selector_difference_by_target,vision_cls_attention_minus_logit_concept,0,class_id,0.08604419849537037,0.01959716635406333,0.1508291002707506,0.95,10000,20,20,0.07425682261208577,130,0.10201746771442495,67,0.01597326921905458
selector_difference::raw_yes_minus_no::projector.output::target_1,raw_yes_minus_no,projector.output,selector_difference_by_target,vision_cls_attention_minus_logit_concept,1,attribute_id,0.158451207606198,0.050128691535194544,0.27470564951527116,0.95,10000,26,26,0.1251017559104459,2,0.17545669418205084,117,0.0333494516957521
selector_difference::raw_yes_minus_no::projector.output::target_1,raw_yes_minus_no,projector.output,selector_difference_by_target,vision_cls_attention_minus_logit_concept,1,class_id,0.09580337766617063,0.041909221023478854,0.15233582996186754,0.95,10000,20,20,0.0827954353113687,56,0.10712649951702172,67,0.013007942354801932
selector_difference_target_difference::raw_yes_minus_no::projector.output,raw_yes_minus_no,projector.output,selector_difference_target_difference,vision_cls_attention_minus_logit_concept,,attribute_id,0.018161056655452038,-0.051656123641857316,0.09940488986139032,0.95,10000,26,26,-0.009063889967218774,2,0.03449761796928917,310,0.02722494662267081
selector_difference_target_difference::raw_yes_minus_no::projector.output,raw_yes_minus_no,projector.output,selector_difference_target_difference,vision_cls_attention_minus_logit_concept,,class_id,0.009759179170800264,-0.0474314458937872,0.06456370003513556,0.95,10000,20,20,-0.002115735845690615,150,0.0237321684201824,92,0.013972989249382136
selector_effect::correct_answer_margin::vision.late::vision_cls_attention::target_0,correct_answer_margin,vision.late,selector_effect_by_target,vision_cls_attention,0,attribute_id,-0.06239802908399702,-0.13110165211277022,0.007463416394702187,0.95,10000,26,26,-0.07553631135846801,102,-0.048333310366404515,104,0.014064718717592503
selector_effect::correct_answer_margin::vision.late::vision_cls_attention::target_0,correct_answer_margin,vision.late,selector_effect_by_target,vision_cls_attention,0,class_id,-0.026463543388999117,-0.07925679971469562,0.021128075009300584,0.95,10000,20,20,-0.03526267428191428,123,-0.008981660060161977,99,0.01748188332883714
selector_effect::correct_answer_margin::vision.late::vision_cls_attention::target_1,correct_answer_margin,vision.late,selector_effect_by_target,vision_cls_attention,1,attribute_id,0.09395836109802369,0.02283899515888927,0.16698497542366958,0.95,10000,26,26,0.07966113998638909,2,0.10677268512527797,102,0.014297221111634603
selector_effect::correct_answer_margin::vision.late::vision_cls_attention::target_1,correct_answer_margin,vision.late,selector_effect_by_target,vision_cls_attention,1,class_id,0.06537976784680886,0.026320102752201147,0.10357781853246939,0.95,10000,20,20,0.057498679696202315,130,0.07326012921844542,36,0.00788108815060655
selector_target_difference::correct_answer_margin::vision.late::vision_cls_attention,correct_answer_margin,vision.late,selector_target_difference,vision_cls_attention,,attribute_id,0.15635639018202072,0.02521914629919278,0.2932496823344283,0.95,10000,26,26,0.1282226249559682,104,0.182308996483746,102,0.028133765226052515
selector_target_difference::correct_answer_margin::vision.late::vision_cls_attention,correct_answer_margin,vision.late,selector_target_difference,vision_cls_attention,,class_id,0.09184331123580798,0.01833070801427125,0.16944301940272094,0.95,10000,20,20,0.06964688649430288,99,0.10570483532144888,36,0.0221964247415051
selector_effect::correct_answer_margin::vision.late::logit_concept::target_0,correct_answer_margin,vision.late,selector_effect_by_target,logit_concept,0,attribute_id,0.035776022951422064,0.014186455819390402,0.05651043354797281,0.95,10000,26,26,0.03145706386947895,101,0.04081817498059006,102,0.0050421520291679955
selector_effect::correct_answer_margin::vision.late::logit_concept::target_0,correct_answer_margin,vision.late,selector_effect_by_target,logit_concept,0,class_id,0.032556225542879194,-0.017135809681402932,0.07878557434620259,0.95,10000,20,20,0.019132040532465425,56,0.0505139349386197,99,0.017957709395740505
selector_effect::correct_answer_margin::vision.late::logit_concept::target_1,correct_answer_margin,vision.late,selector_effect_by_target,logit_concept,1,attribute_id,-0.03154486446775849,-0.0675340074830564,0.002479219079720099,0.95,10000,26,26,-0.03863999237980216,311,-0.02294554793535772,2,0.008599316532400772
selector_effect::correct_answer_margin::vision.late::logit_concept::target_1,correct_answer_margin,vision.late,selector_effect_by_target,logit_concept,1,class_id,-0.006393345424107141,-0.028565107396040002,0.01851642814515127,0.95,10000,20,20,-0.015695937434732663,131,-0.002133997102130324,123,0.009302592010625523
selector_target_difference::correct_answer_margin::vision.late::logit_concept,correct_answer_margin,vision.late,selector_target_difference,logit_concept,,attribute_id,-0.06732088741918056,-0.11241539348136446,-0.02360090362791303,0.95,10000,26,26,-0.07673572812428112,311,-0.056550181249281115,294,0.010770706169899447
selector_target_difference::correct_answer_margin::vision.late::logit_concept,correct_answer_margin,vision.late,selector_target_difference,logit_concept,,class_id,-0.038949570966986334,-0.09561962212456596,0.020961728911761453,0.95,10000,20,20,-0.058766622321138495,99,-0.022816068854137662,56,0.01981705135415216
selector_difference::correct_answer_margin::vision.late::target_0,correct_answer_margin,vision.late,selector_difference_by_target,vision_cls_attention_minus_logit_concept,0,attribute_id,-0.12657654916373212,-0.21570747072126992,-0.0366196709046644,0.95,10000,26,26,-0.14735141668583698,102,-0.10779933335250363,101,0.020774867522104862
selector_difference::correct_answer_margin::vision.late::target_0,correct_answer_margin,vision.late,selector_difference_by_target,vision_cls_attention_minus_logit_concept,0,class_id,-0.07651908430472884,-0.13745898276031332,-0.014060980902777779,0.95,10000,20,20,-0.09136838134833611,67,-0.06538436749425647,130,0.014849297043607268
selector_difference::correct_answer_margin::vision.late::target_1,correct_answer_margin,vision.late,selector_difference_by_target,vision_cls_attention_minus_logit_concept,1,attribute_id,0.14516525333448171,0.043795447354166746,0.2561718107603116,0.95,10000,26,26,0.11326353013452764,2,0.16249192519625605,117,0.031901723199954074
selector_difference::correct_answer_margin::vision.late::target_1,correct_answer_margin,vision.late,selector_difference_by_target,vision_cls_attention_minus_logit_concept,1,class_id,0.08248542906746031,0.02932445126488096,0.13612735324435762,0.95,10000,20,20,0.06934001670843776,56,0.09328350172305765,67,0.013145412359022557
selector_difference_target_difference::correct_answer_margin::vision.late,correct_answer_margin,vision.late,selector_difference_target_difference,vision_cls_attention_minus_logit_concept,,attribute_id,0.27174180249821384,0.08840132463537592,0.4602774110008898,0.95,10000,26,26,0.23379203015369796,2,0.30913057182036463,102,0.03794977234451588
selector_difference_target_difference::correct_answer_margin::vision.late,correct_answer_margin,vision.late,selector_difference_target_difference,vision_cls_attention_minus_logit_concept,,class_id,0.15900451337218915,0.0575173507771164,0.2607216951884919,0.95,10000,20,20,0.13550639565493594,56,0.18465188307139377,67,0.025647369699204614
selector_effect::correct_answer_margin::projector.output::vision_cls_attention::target_0,correct_answer_margin,projector.output,selector_effect_by_target,vision_cls_attention,0,attribute_id,-0.0820861030628071,-0.15542447181363195,-0.009787668238398724,0.95,10000,26,26,-0.09557137010198605,102,-0.06629216623293842,104,0.015793936829868682
selector_effect::correct_answer_margin::projector.output::vision_cls_attention::target_0,correct_answer_margin,projector.output,selector_effect_by_target,vision_cls_attention,0,class_id,-0.043604339115203374,-0.0984614524235801,0.0040447950413618075,0.95,10000,20,20,-0.05245958932161132,67,-0.02650572761656746,99,0.017098611498635913
selector_effect::correct_answer_margin::projector.output::vision_cls_attention::target_1,correct_answer_margin,projector.output,selector_effect_by_target,vision_cls_attention,1,attribute_id,0.11451534685914994,0.03883366336448878,0.1914534436468043,0.95,10000,26,26,0.09958703216208736,104,0.12777868642796036,102,0.014928314697062572
selector_effect::correct_answer_margin::projector.output::vision_cls_attention::target_1,correct_answer_margin,projector.output,selector_effect_by_target,vision_cls_attention,1,class_id,0.08387926212694279,0.046525114755781874,0.12336235635747354,0.95,10000,20,20,0.0755135553456123,130,0.09247653571319793,36,0.008597273586255144
selector_target_difference::correct_answer_margin::projector.output::vision_cls_attention,correct_answer_margin,projector.output,selector_target_difference,vision_cls_attention,,attribute_id,0.19660144992195702,0.05627877161292496,0.33996826684632514,0.95,10000,26,26,0.1658791983950258,104,0.2233500565299464,102,0.030722251526931227
selector_target_difference::correct_answer_margin::projector.output::vision_cls_attention,correct_answer_margin,projector.output,selector_target_difference,vision_cls_attention,,class_id,0.12748360124214617,0.05206871452533383,0.2074078667050316,0.95,10000,20,20,0.10619877873938319,99,0.14299823587832428,36,0.02128482250276298
selector_effect::correct_answer_margin::projector.output::logit_concept::target_0,correct_answer_margin,projector.output,selector_effect_by_target,logit_concept,0,attribute_id,0.026881529569694765,0.003673315319233577,0.04901708094119212,0.95,10000,26,26,0.022817901863593667,101,0.03210113599057779,312,0.0052196064208830245
selector_effect::correct_answer_margin::projector.output::logit_concept::target_0,correct_answer_margin,projector.output,selector_effect_by_target,logit_concept,0,class_id,0.025038119522982804,-0.022332567003038165,0.0691124325706845,0.95,10000,20,20,0.012103432953042328,56,0.04077550919399192,99,0.015737389671009117
selector_effect::correct_answer_margin::projector.output::logit_concept::target_1,correct_answer_margin,projector.output,selector_effect_by_target,logit_concept,1,attribute_id,-0.024631810453892088,-0.06197913149493871,0.01070085383464819,0.95,10000,26,26,-0.03287294224704777,311,-0.014540693983158883,2,0.010091116470733205
selector_effect::correct_answer_margin::projector.output::logit_concept::target_1,correct_answer_margin,projector.output,selector_effect_by_target,logit_concept,1,class_id,-0.0007761605076058204,-0.023435576908172114,0.02451880657862101,0.95,10000,20,20,-0.009892433992968531,131,0.0032746389628585354,123,0.009116273485362711
selector_target_difference::correct_answer_margin::projector.output::logit_concept,correct_answer_margin,projector.output,selector_target_difference,logit_concept,,attribute_id,-0.05151334002358685,-0.09852097751963297,-0.004664773713856629,0.95,10000,26,26,-0.06271449862453032,311,-0.04065720695786366,294,0.011201158600943471
selector_target_difference::correct_answer_margin::projector.output::logit_concept,correct_answer_margin,projector.output,selector_target_difference,logit_concept,,class_id,-0.025814280030588627,-0.08124634531818367,0.03158678165819276,0.95,10000,20,20,-0.042252128259015594,99,-0.009368269306077696,56,0.01644601072451093
selector_difference::correct_answer_margin::projector.output::target_0,correct_answer_margin,projector.output,selector_difference_by_target,vision_cls_attention_minus_logit_concept,0,attribute_id,-0.14029015095074596,-0.2356110775709907,-0.04613776939943686,0.95,10000,26,26,-0.16061529865544244,102,-0.12035116175068054,104,0.020325147704696483
selector_difference::correct_answer_margin::projector.output::target_0,correct_answer_margin,projector.output,selector_difference_by_target,vision_cls_attention_minus_logit_concept,0,class_id,-0.08604419849537037,-0.15077443343874006,-0.01930408425305886,0.95,10000,20,20,-0.10201746771442495,67,-0.07425682261208577,130,0.01597326921905458
selector_difference::correct_answer_margin::projector.output::target_1,correct_answer_margin,projector.output,selector_difference_by_target,vision_cls_attention_minus_logit_concept,1,attribute_id,0.158451207606198,0.051090461394834,0.27353045492396183,0.95,10000,26,26,0.1251017559104459,2,0.17545669418205084,117,0.0333494516957521
selector_difference::correct_answer_margin::projector.output::target_1,correct_answer_margin,projector.output,selector_difference_by_target,vision_cls_attention_minus_logit_concept,1,class_id,0.09580337766617063,0.04143466170376572,0.15182497603804979,0.95,10000,20,20,0.0827954353113687,56,0.10712649951702172,67,0.013007942354801932
selector_difference_target_difference::correct_answer_margin::projector.output,correct_answer_margin,projector.output,selector_difference_target_difference,vision_cls_attention_minus_logit_concept,,attribute_id,0.2987413585569439,0.11323919898822242,0.4970788133209477,0.95,10000,26,26,0.25817613194684075,104,0.33600351289922165,102,0.040565226610103144
selector_difference_target_difference::correct_answer_margin::projector.output,correct_answer_margin,projector.output,selector_difference_target_difference,vision_cls_attention_minus_logit_concept,,class_id,0.181847576161541,0.07305783904544891,0.28826996075665506,0.95,10000,20,20,0.15769340071097884,130,0.20914396723144668,67,0.027296391069905668
