decision_id,image_id,class_id,attribute_id,target,correct_answer_margin,raw_yes_minus_no_margin
11375::101::cub_attribute_yes_no_v1,11375,194,101,0,-0.078125,0.078125
11375::103::cub_attribute_yes_no_v1,11375,194,103,1,0.28125,0.28125
11375::104::cub_attribute_yes_no_v1,11375,194,104,0,-1.0390625,1.0390625
11375::117::cub_attribute_yes_no_v1,11375,194,117,1,-0.3828125,-0.3828125
11375::120::cub_attribute_yes_no_v1,11375,194,120,1,0.65625,0.65625
11375::295::cub_attribute_yes_no_v1,11375,194,295,0,-1.1796875,1.1796875
11375::2::cub_attribute_yes_no_v1,11375,194,2,0,-1.2265625,1.2265625
11375::305::cub_attribute_yes_no_v1,11375,194,305,1,0.125,0.125
11375::306::cub_attribute_yes_no_v1,11375,194,306,1,-0.140625,-0.140625
11375::308::cub_attribute_yes_no_v1,11375,194,308,0,-1.328125,1.328125
11375::311::cub_attribute_yes_no_v1,11375,194,311,0,-0.140625,0.140625
11375::312::cub_attribute_yes_no_v1,11375,194,312,1,0.7421875,0.7421875
11375::7::cub_attribute_yes_no_v1,11375,194,7,0,-0.9453125,0.9453125
11375::8::cub_attribute_yes_no_v1,11375,194,8,0,-1.0078125,1.0078125
11387::100::cub_attribute_yes_no_v1,11387,194,100,1,1.328125,1.328125
11387::102::cub_attribute_yes_no_v1,11387,194,102,0,1.546875,-1.546875
11387::104::cub_attribute_yes_no_v1,11387,194,104,0,-1.265625,1.265625
11387::107::cub_attribute_yes_no_v1,11387,194,107,0,-1.0859375,1.0859375
11387::117::cub_attribute_yes_no_v1,11387,194,117,1,-0.09375,-0.09375
11387::118::cub_attribute_yes_no_v1,11387,194,118,0,0.2421875,-0.2421875
11387::120::cub_attribute_yes_no_v1,11387,194,120,1,1.0234375,1.0234375
11387::294::cub_attribute_yes_no_v1,11387,194,294,0,0.421875,-0.421875
11387::305::cub_attribute_yes_no_v1,11387,194,305,1,0.0859375,0.0859375
11387::309::cub_attribute_yes_no_v1,11387,194,309,0,0.6171875,-0.6171875
11387::310::cub_attribute_yes_no_v1,11387,194,310,1,0.9296875,0.9296875
11387::311::cub_attribute_yes_no_v1,11387,194,311,0,-0.7890625,0.7890625
11387::7::cub_attribute_yes_no_v1,11387,194,7,1,0.84375,0.84375
11387::8::cub_attribute_yes_no_v1,11387,194,8,0,-0.7890625,0.7890625
11424::100::cub_attribute_yes_no_v1,11424,194,100,1,1.09375,1.09375
11424::295::cub_attribute_yes_no_v1,11424,194,295,1,1.3515625,1.3515625
11424::305::cub_attribute_yes_no_v1,11424,194,305,0,-0.46875,0.46875
11424::310::cub_attribute_yes_no_v1,11424,194,310,1,0.1171875,0.1171875
11424::311::cub_attribute_yes_no_v1,11424,194,311,0,-0.6875,0.6875
11424::7::cub_attribute_yes_no_v1,11424,194,7,0,-0.5546875,0.5546875
11428::100::cub_attribute_yes_no_v1,11428,194,100,1,0.890625,0.890625
11428::101::cub_attribute_yes_no_v1,11428,194,101,0,-0.0078125,0.0078125
11428::102::cub_attribute_yes_no_v1,11428,194,102,0,1.4375,-1.4375
11428::104::cub_attribute_yes_no_v1,11428,194,104,0,-1.0859375,1.0859375
11428::107::cub_attribute_yes_no_v1,11428,194,107,0,-1.1796875,1.1796875
11428::111::cub_attribute_yes_no_v1,11428,194,111,1,0.46875,0.46875
11428::117::cub_attribute_yes_no_v1,11428,194,117,1,-0.2265625,-0.2265625
11428::118::cub_attribute_yes_no_v1,11428,194,118,1,-0.2890625,-0.2890625
11428::295::cub_attribute_yes_no_v1,11428,194,295,0,-0.8828125,0.8828125
11428::299::cub_attribute_yes_no_v1,11428,194,299,1,0.5390625,0.5390625
11428::305::cub_attribute_yes_no_v1,11428,194,305,1,0.15625,0.15625
11428::310::cub_attribute_yes_no_v1,11428,194,310,1,0.6953125,0.6953125
11428::311::cub_attribute_yes_no_v1,11428,194,311,0,-0.6796875,0.6796875
11428::7::cub_attribute_yes_no_v1,11428,194,7,1,0.40625,0.40625
11440::100::cub_attribute_yes_no_v1,11440,195,100,1,1.203125,1.203125
11440::104::cub_attribute_yes_no_v1,11440,195,104,0,-0.9921875,0.9921875
11440::118::cub_attribute_yes_no_v1,11440,195,118,0,0.9921875,-0.9921875
11440::120::cub_attribute_yes_no_v1,11440,195,120,1,1.3515625,1.3515625
11440::295::cub_attribute_yes_no_v1,11440,195,295,1,1.3046875,1.3046875
11440::309::cub_attribute_yes_no_v1,11440,195,309,1,-0.4296875,-0.4296875
11440::311::cub_attribute_yes_no_v1,11440,195,311,0,-0.0234375,0.0234375
11440::7::cub_attribute_yes_no_v1,11440,195,7,0,-0.421875,0.421875
11440::8::cub_attribute_yes_no_v1,11440,195,8,0,-0.2421875,0.2421875
11443::101::cub_attribute_yes_no_v1,11443,195,101,1,0.71875,0.71875
11443::104::cub_attribute_yes_no_v1,11443,195,104,0,-0.859375,0.859375
11443::105::cub_attribute_yes_no_v1,11443,195,105,1,-0.4375,-0.4375
11443::107::cub_attribute_yes_no_v1,11443,195,107,0,-1.46875,1.46875
11443::111::cub_attribute_yes_no_v1,11443,195,111,0,-0.4609375,0.4609375
11443::117::cub_attribute_yes_no_v1,11443,195,117,0,-0.1484375,0.1484375
11443::120::cub_attribute_yes_no_v1,11443,195,120,1,1.1875,1.1875
11443::294::cub_attribute_yes_no_v1,11443,195,294,0,0.6484375,-0.6484375
11443::295::cub_attribute_yes_no_v1,11443,195,295,1,1.4375,1.4375
11443::309::cub_attribute_yes_no_v1,11443,195,309,1,-0.3984375,-0.3984375
11443::311::cub_attribute_yes_no_v1,11443,195,311,0,0.4453125,-0.4453125
11443::96::cub_attribute_yes_no_v1,11443,195,96,0,-1.28125,1.28125
11473::100::cub_attribute_yes_no_v1,11473,195,100,1,1.3515625,1.3515625
11473::102::cub_attribute_yes_no_v1,11473,195,102,0,1.9453125,-1.9453125
11473::111::cub_attribute_yes_no_v1,11473,195,111,0,0.078125,-0.078125
11473::118::cub_attribute_yes_no_v1,11473,195,118,0,0.859375,-0.859375
11473::120::cub_attribute_yes_no_v1,11473,195,120,1,1.171875,1.171875
11473::295::cub_attribute_yes_no_v1,11473,195,295,1,1.171875,1.171875
11473::305::cub_attribute_yes_no_v1,11473,195,305,0,0.046875,-0.046875
11473::306::cub_attribute_yes_no_v1,11473,195,306,0,0.375,-0.375
11473::308::cub_attribute_yes_no_v1,11473,195,308,0,-1.4296875,1.4296875
11473::309::cub_attribute_yes_no_v1,11473,195,309,0,0.8125,-0.8125
11473::311::cub_attribute_yes_no_v1,11473,195,311,1,0.3828125,0.3828125
11485::100::cub_attribute_yes_no_v1,11485,195,100,1,1.421875,1.421875
11485::103::cub_attribute_yes_no_v1,11485,195,103,1,0.9140625,0.9140625
11485::105::cub_attribute_yes_no_v1,11485,195,105,1,-0.5625,-0.5625
11485::107::cub_attribute_yes_no_v1,11485,195,107,0,-1.3359375,1.3359375
11485::118::cub_attribute_yes_no_v1,11485,195,118,0,0.5234375,-0.5234375
11485::120::cub_attribute_yes_no_v1,11485,195,120,1,1.203125,1.203125
11485::295::cub_attribute_yes_no_v1,11485,195,295,1,1.0546875,1.0546875
11485::299::cub_attribute_yes_no_v1,11485,195,299,0,-0.0625,0.0625
11485::2::cub_attribute_yes_no_v1,11485,195,2,0,-1.625,1.625
11485::305::cub_attribute_yes_no_v1,11485,195,305,0,0.2578125,-0.2578125
11485::309::cub_attribute_yes_no_v1,11485,195,309,0,0.375,-0.375
11485::311::cub_attribute_yes_no_v1,11485,195,311,1,1.3515625,1.3515625
11485::7::cub_attribute_yes_no_v1,11485,195,7,0,-0.8046875,0.8046875
1344::101::cub_attribute_yes_no_v1,1344,25,101,0,0.03125,-0.03125
1344::104::cub_attribute_yes_no_v1,1344,25,104,0,-0.015625,0.015625
1344::305::cub_attribute_yes_no_v1,1344,25,305,1,0.9140625,0.9140625
1344::309::cub_attribute_yes_no_v1,1344,25,309,1,-0.453125,-0.453125
1344::311::cub_attribute_yes_no_v1,1344,25,311,0,1.1484375,-1.1484375
1358::100::cub_attribute_yes_no_v1,1358,25,100,0,-0.796875,0.796875
1358::105::cub_attribute_yes_no_v1,1358,25,105,0,1.171875,-1.171875
1358::117::cub_attribute_yes_no_v1,1358,25,117,0,-0.890625,0.890625
1358::118::cub_attribute_yes_no_v1,1358,25,118,0,1.75,-1.75
1358::120::cub_attribute_yes_no_v1,1358,25,120,0,0.3828125,-0.3828125
1358::295::cub_attribute_yes_no_v1,1358,25,295,0,-0.40625,0.40625
1360::101::cub_attribute_yes_no_v1,1360,25,101,0,-0.7578125,0.7578125
1360::104::cub_attribute_yes_no_v1,1360,25,104,1,0.9921875,0.9921875
1360::309::cub_attribute_yes_no_v1,1360,25,309,1,-0.9921875,-0.9921875
1360::5::cub_attribute_yes_no_v1,1360,25,5,1,1.953125,1.953125
1360::7::cub_attribute_yes_no_v1,1360,25,7,0,-0.9609375,0.9609375
1360::8::cub_attribute_yes_no_v1,1360,25,8,0,-1.5078125,1.5078125
1402::101::cub_attribute_yes_no_v1,1402,25,101,0,-0.6875,0.6875
1402::102::cub_attribute_yes_no_v1,1402,25,102,1,-0.8125,-0.8125
1402::295::cub_attribute_yes_no_v1,1402,25,295,0,-0.1015625,0.1015625
1402::299::cub_attribute_yes_no_v1,1402,25,299,0,-0.265625,0.265625
1402::305::cub_attribute_yes_no_v1,1402,25,305,1,0.1875,0.1875
1402::309::cub_attribute_yes_no_v1,1402,25,309,1,-0.265625,-0.265625
1402::311::cub_attribute_yes_no_v1,1402,25,311,0,0.3046875,-0.3046875
1402::7::cub_attribute_yes_no_v1,1402,25,7,0,-0.625,0.625
1402::96::cub_attribute_yes_no_v1,1402,25,96,0,-0.3984375,0.3984375
1994::100::cub_attribute_yes_no_v1,1994,36,100,1,0.96875,0.96875
1994::104::cub_attribute_yes_no_v1,1994,36,104,0,-0.7109375,0.7109375
1994::105::cub_attribute_yes_no_v1,1994,36,105,0,0.0078125,-0.0078125
1994::107::cub_attribute_yes_no_v1,1994,36,107,1,0.109375,0.109375
1994::111::cub_attribute_yes_no_v1,1994,36,111,1,0.2421875,0.2421875
1994::117::cub_attribute_yes_no_v1,1994,36,117,0,-0.65625,0.65625
1994::118::cub_attribute_yes_no_v1,1994,36,118,0,0.0078125,-0.0078125
1994::120::cub_attribute_yes_no_v1,1994,36,120,0,-0.6015625,0.6015625
1994::295::cub_attribute_yes_no_v1,1994,36,295,0,-0.421875,0.421875
1994::299::cub_attribute_yes_no_v1,1994,36,299,1,0.2734375,0.2734375
1994::2::cub_attribute_yes_no_v1,1994,36,2,1,1.3203125,1.3203125
1994::308::cub_attribute_yes_no_v1,1994,36,308,1,1.046875,1.046875
1994::311::cub_attribute_yes_no_v1,1994,36,311,1,0.875,0.875
1994::7::cub_attribute_yes_no_v1,1994,36,7,0,-0.7421875,0.7421875
1994::8::cub_attribute_yes_no_v1,1994,36,8,0,-0.9765625,0.9765625
2022::101::cub_attribute_yes_no_v1,2022,36,101,0,-0.375,0.375
2022::105::cub_attribute_yes_no_v1,2022,36,105,0,-0.2734375,0.2734375
2022::117::cub_attribute_yes_no_v1,2022,36,117,1,0.0390625,0.0390625
2022::118::cub_attribute_yes_no_v1,2022,36,118,1,-0.1484375,-0.1484375
2022::120::cub_attribute_yes_no_v1,2022,36,120,0,-0.671875,0.671875
2022::295::cub_attribute_yes_no_v1,2022,36,295,1,0.9375,0.9375
2022::299::cub_attribute_yes_no_v1,2022,36,299,0,-1.21875,1.21875
2022::305::cub_attribute_yes_no_v1,2022,36,305,0,-0.421875,0.421875
2022::308::cub_attribute_yes_no_v1,2022,36,308,1,1.1640625,1.1640625
2022::311::cub_attribute_yes_no_v1,2022,36,311,1,0.5703125,0.5703125
2036::117::cub_attribute_yes_no_v1,2036,36,117,1,-0.5078125,-0.5078125
2036::118::cub_attribute_yes_no_v1,2036,36,118,0,1.03125,-1.03125
2042::103::cub_attribute_yes_no_v1,2042,36,103,1,0.5078125,0.5078125
2042::105::cub_attribute_yes_no_v1,2042,36,105,1,-0.6484375,-0.6484375
2042::111::cub_attribute_yes_no_v1,2042,36,111,0,0.0625,-0.0625
2042::117::cub_attribute_yes_no_v1,2042,36,117,1,-0.2421875,-0.2421875
2042::118::cub_attribute_yes_no_v1,2042,36,118,1,-0.15625,-0.15625
2042::120::cub_attribute_yes_no_v1,2042,36,120,1,0.578125,0.578125
2042::295::cub_attribute_yes_no_v1,2042,36,295,0,-0.828125,0.828125
2042::299::cub_attribute_yes_no_v1,2042,36,299,1,0.2421875,0.2421875
2042::7::cub_attribute_yes_no_v1,2042,36,7,1,0.6484375,0.6484375
3202::102::cub_attribute_yes_no_v1,3202,56,102,1,-0.796875,-0.796875
3202::111::cub_attribute_yes_no_v1,3202,56,111,1,-0.03125,-0.03125
3202::117::cub_attribute_yes_no_v1,3202,56,117,0,0.0625,-0.0625
3202::118::cub_attribute_yes_no_v1,3202,56,118,0,-0.4140625,0.4140625
3202::120::cub_attribute_yes_no_v1,3202,56,120,0,-1.0703125,1.0703125
3202::295::cub_attribute_yes_no_v1,3202,56,295,0,0.2578125,-0.2578125
3202::311::cub_attribute_yes_no_v1,3202,56,311,0,-0.03125,0.03125
3202::312::cub_attribute_yes_no_v1,3202,56,312,1,0.296875,0.296875
3202::7::cub_attribute_yes_no_v1,3202,56,7,0,-0.59375,0.59375
3202::8::cub_attribute_yes_no_v1,3202,56,8,1,0.8359375,0.8359375
3210::104::cub_attribute_yes_no_v1,3210,56,104,1,1.046875,1.046875
3210::105::cub_attribute_yes_no_v1,3210,56,105,0,0.3671875,-0.3671875
3210::111::cub_attribute_yes_no_v1,3210,56,111,0,-0.3828125,0.3828125
3210::117::cub_attribute_yes_no_v1,3210,56,117,0,0.2578125,-0.2578125
3210::118::cub_attribute_yes_no_v1,3210,56,118,0,-1.0078125,1.0078125
3210::120::cub_attribute_yes_no_v1,3210,56,120,1,1.34375,1.34375
3210::295::cub_attribute_yes_no_v1,3210,56,295,0,-1.6328125,1.6328125
3210::299::cub_attribute_yes_no_v1,3210,56,299,0,-0.6875,0.6875
3210::308::cub_attribute_yes_no_v1,3210,56,308,1,1.6015625,1.6015625
3210::309::cub_attribute_yes_no_v1,3210,56,309,1,-0.125,-0.125
3210::311::cub_attribute_yes_no_v1,3210,56,311,0,0.546875,-0.546875
3210::7::cub_attribute_yes_no_v1,3210,56,7,0,-0.9296875,0.9296875
3210::8::cub_attribute_yes_no_v1,3210,56,8,1,0.7109375,0.7109375
3210::96::cub_attribute_yes_no_v1,3210,56,96,1,1.1796875,1.1796875
3237::103::cub_attribute_yes_no_v1,3237,56,103,0,-0.4375,0.4375
3237::107::cub_attribute_yes_no_v1,3237,56,107,0,0.6953125,-0.6953125
3237::117::cub_attribute_yes_no_v1,3237,56,117,0,0.234375,-0.234375
3237::118::cub_attribute_yes_no_v1,3237,56,118,0,-0.9296875,0.9296875
3237::120::cub_attribute_yes_no_v1,3237,56,120,1,0.828125,0.828125
3237::295::cub_attribute_yes_no_v1,3237,56,295,0,0.5625,-0.5625
3237::305::cub_attribute_yes_no_v1,3237,56,305,0,0.2109375,-0.2109375
3237::306::cub_attribute_yes_no_v1,3237,56,306,0,-0.4375,0.4375
3237::308::cub_attribute_yes_no_v1,3237,56,308,1,0.8125,0.8125
3237::310::cub_attribute_yes_no_v1,3237,56,310,1,0.3671875,0.3671875
3237::311::cub_attribute_yes_no_v1,3237,56,311,0,-0.1328125,0.1328125
3237::96::cub_attribute_yes_no_v1,3237,56,96,1,1.1484375,1.1484375
3741::102::cub_attribute_yes_no_v1,3741,65,102,1,-0.984375,-0.984375
3741::111::cub_attribute_yes_no_v1,3741,65,111,0,-0.1640625,0.1640625
3741::117::cub_attribute_yes_no_v1,3741,65,117,0,0.8515625,-0.8515625
3741::118::cub_attribute_yes_no_v1,3741,65,118,1,0.25,0.25
3741::294::cub_attribute_yes_no_v1,3741,65,294,0,1.328125,-1.328125
3741::295::cub_attribute_yes_no_v1,3741,65,295,0,1.171875,-1.171875
3741::306::cub_attribute_yes_no_v1,3741,65,306,1,0.0546875,0.0546875
3741::309::cub_attribute_yes_no_v1,3741,65,309,1,-0.8515625,-0.8515625
3741::5::cub_attribute_yes_no_v1,3741,65,5,1,1.4921875,1.4921875
3741::7::cub_attribute_yes_no_v1,3741,65,7,0,-0.78125,0.78125
3747::102::cub_attribute_yes_no_v1,3747,65,102,1,-0.6328125,-0.6328125
3747::104::cub_attribute_yes_no_v1,3747,65,104,1,0.0,0.0
3747::111::cub_attribute_yes_no_v1,3747,65,111,1,0.9765625,0.9765625
3747::117::cub_attribute_yes_no_v1,3747,65,117,0,0.5546875,-0.5546875
3747::118::cub_attribute_yes_no_v1,3747,65,118,1,0.703125,0.703125
3747::295::cub_attribute_yes_no_v1,3747,65,295,0,0.7890625,-0.7890625
3747::299::cub_attribute_yes_no_v1,3747,65,299,1,0.53125,0.53125
3747::306::cub_attribute_yes_no_v1,3747,65,306,1,0.0625,0.0625
3747::308::cub_attribute_yes_no_v1,3747,65,308,0,0.2265625,-0.2265625
3747::309::cub_attribute_yes_no_v1,3747,65,309,1,-0.4921875,-0.4921875
3747::311::cub_attribute_yes_no_v1,3747,65,311,0,-0.125,0.125
3747::96::cub_attribute_yes_no_v1,3747,65,96,0,-0.4140625,0.4140625
3761::311::cub_attribute_yes_no_v1,3761,65,311,1,0.4765625,0.4765625
3764::100::cub_attribute_yes_no_v1,3764,65,100,1,0.734375,0.734375
3764::101::cub_attribute_yes_no_v1,3764,65,101,0,-0.34375,0.34375
3764::103::cub_attribute_yes_no_v1,3764,65,103,0,-0.2890625,0.2890625
3764::111::cub_attribute_yes_no_v1,3764,65,111,1,0.578125,0.578125
3764::118::cub_attribute_yes_no_v1,3764,65,118,1,0.640625,0.640625
3764::120::cub_attribute_yes_no_v1,3764,65,120,0,-0.265625,0.265625
3764::295::cub_attribute_yes_no_v1,3764,65,295,0,0.046875,-0.046875
3764::305::cub_attribute_yes_no_v1,3764,65,305,0,0.578125,-0.578125
3764::306::cub_attribute_yes_no_v1,3764,65,306,1,-0.1015625,-0.1015625
3764::311::cub_attribute_yes_no_v1,3764,65,311,0,0.0546875,-0.0546875
3764::312::cub_attribute_yes_no_v1,3764,65,312,1,-0.0078125,-0.0078125
3764::5::cub_attribute_yes_no_v1,3764,65,5,1,1.7265625,1.7265625
3764::7::cub_attribute_yes_no_v1,3764,65,7,0,-1.0859375,1.0859375
3764::8::cub_attribute_yes_no_v1,3764,65,8,0,-1.1875,1.1875
3848::103::cub_attribute_yes_no_v1,3848,67,103,0,-0.4921875,0.4921875
3848::104::cub_attribute_yes_no_v1,3848,67,104,1,0.1328125,0.1328125
3848::107::cub_attribute_yes_no_v1,3848,67,107,1,0.2578125,0.2578125
3848::118::cub_attribute_yes_no_v1,3848,67,118,0,-0.2421875,0.2421875
3848::120::cub_attribute_yes_no_v1,3848,67,120,1,0.546875,0.546875
3848::295::cub_attribute_yes_no_v1,3848,67,295,1,0.5234375,0.5234375
3848::299::cub_attribute_yes_no_v1,3848,67,299,0,-0.15625,0.15625
3848::308::cub_attribute_yes_no_v1,3848,67,308,1,0.6796875,0.6796875
3848::309::cub_attribute_yes_no_v1,3848,67,309,0,0.4765625,-0.4765625
3848::312::cub_attribute_yes_no_v1,3848,67,312,1,1.921875,1.921875
3889::101::cub_attribute_yes_no_v1,3889,67,101,1,0.9921875,0.9921875
3889::105::cub_attribute_yes_no_v1,3889,67,105,1,-0.890625,-0.890625
3889::111::cub_attribute_yes_no_v1,3889,67,111,1,-0.296875,-0.296875
3889::117::cub_attribute_yes_no_v1,3889,67,117,1,-0.9140625,-0.9140625
3889::118::cub_attribute_yes_no_v1,3889,67,118,0,0.8203125,-0.8203125
3889::120::cub_attribute_yes_no_v1,3889,67,120,0,-0.1328125,0.1328125
3889::295::cub_attribute_yes_no_v1,3889,67,295,0,0.84375,-0.84375
3889::299::cub_attribute_yes_no_v1,3889,67,299,0,0.5078125,-0.5078125
3889::305::cub_attribute_yes_no_v1,3889,67,305,1,-0.6015625,-0.6015625
3889::311::cub_attribute_yes_no_v1,3889,67,311,0,-0.4140625,0.4140625
3889::312::cub_attribute_yes_no_v1,3889,67,312,1,2.5625,2.5625
3889::7::cub_attribute_yes_no_v1,3889,67,7,0,-0.578125,0.578125
3889::8::cub_attribute_yes_no_v1,3889,67,8,0,-0.9765625,0.9765625
3890::111::cub_attribute_yes_no_v1,3890,67,111,0,-0.359375,0.359375
3890::117::cub_attribute_yes_no_v1,3890,67,117,0,0.203125,-0.203125
3890::118::cub_attribute_yes_no_v1,3890,67,118,1,0.21875,0.21875
3890::120::cub_attribute_yes_no_v1,3890,67,120,0,-0.609375,0.609375
3890::295::cub_attribute_yes_no_v1,3890,67,295,0,-0.0,0.0
3890::299::cub_attribute_yes_no_v1,3890,67,299,1,0.3671875,0.3671875
3890::305::cub_attribute_yes_no_v1,3890,67,305,0,0.0390625,-0.0390625
3890::306::cub_attribute_yes_no_v1,3890,67,306,0,-0.0390625,0.0390625
3890::308::cub_attribute_yes_no_v1,3890,67,308,0,-0.734375,0.734375
3890::309::cub_attribute_yes_no_v1,3890,67,309,1,-0.4765625,-0.4765625
3890::311::cub_attribute_yes_no_v1,3890,67,311,0,-0.6328125,0.6328125
3890::7::cub_attribute_yes_no_v1,3890,67,7,0,-0.8203125,0.8203125
3890::8::cub_attribute_yes_no_v1,3890,67,8,0,-1.0546875,1.0546875
3893::101::cub_attribute_yes_no_v1,3893,67,101,1,0.6875,0.6875
3893::107::cub_attribute_yes_no_v1,3893,67,107,1,0.6015625,0.6015625
3893::118::cub_attribute_yes_no_v1,3893,67,118,1,0.8671875,0.8671875
3893::295::cub_attribute_yes_no_v1,3893,67,295,1,0.6484375,0.6484375
3893::305::cub_attribute_yes_no_v1,3893,67,305,0,0.0234375,-0.0234375
3893::311::cub_attribute_yes_no_v1,3893,67,311,0,-0.3515625,0.3515625
3893::312::cub_attribute_yes_no_v1,3893,67,312,1,2.1640625,2.1640625
4197::102::cub_attribute_yes_no_v1,4197,73,102,0,1.2265625,-1.2265625
4197::105::cub_attribute_yes_no_v1,4197,73,105,1,-0.5859375,-0.5859375
4197::111::cub_attribute_yes_no_v1,4197,73,111,1,0.5234375,0.5234375
4197::117::cub_attribute_yes_no_v1,4197,73,117,1,-0.4921875,-0.4921875
4197::294::cub_attribute_yes_no_v1,4197,73,294,1,0.296875,0.296875
4197::305::cub_attribute_yes_no_v1,4197,73,305,0,-0.140625,0.140625
4197::308::cub_attribute_yes_no_v1,4197,73,308,0,-0.4296875,0.4296875
4197::309::cub_attribute_yes_no_v1,4197,73,309,0,0.375,-0.375
4197::310::cub_attribute_yes_no_v1,4197,73,310,1,-0.2109375,-0.2109375
4197::311::cub_attribute_yes_no_v1,4197,73,311,0,0.6640625,-0.6640625
4197::312::cub_attribute_yes_no_v1,4197,73,312,0,-1.140625,1.140625
4197::7::cub_attribute_yes_no_v1,4197,73,7,0,-0.6875,0.6875
4197::8::cub_attribute_yes_no_v1,4197,73,8,1,0.7421875,0.7421875
4197::96::cub_attribute_yes_no_v1,4197,73,96,0,-0.9765625,0.9765625
4201::100::cub_attribute_yes_no_v1,4201,73,100,0,-1.40625,1.40625
4201::118::cub_attribute_yes_no_v1,4201,73,118,0,0.9765625,-0.9765625
4201::120::cub_attribute_yes_no_v1,4201,73,120,0,0.265625,-0.265625
4201::294::cub_attribute_yes_no_v1,4201,73,294,1,0.4375,0.4375
4201::295::cub_attribute_yes_no_v1,4201,73,295,0,0.0703125,-0.0703125
4201::305::cub_attribute_yes_no_v1,4201,73,305,0,-0.8359375,0.8359375
4201::309::cub_attribute_yes_no_v1,4201,73,309,0,0.328125,-0.328125
4201::312::cub_attribute_yes_no_v1,4201,73,312,1,1.71875,1.71875
4201::7::cub_attribute_yes_no_v1,4201,73,7,1,0.140625,0.140625
4201::8::cub_attribute_yes_no_v1,4201,73,8,0,-0.1796875,0.1796875
4223::107::cub_attribute_yes_no_v1,4223,73,107,1,-0.828125,-0.828125
4223::117::cub_attribute_yes_no_v1,4223,73,117,0,-0.0859375,0.0859375
4223::118::cub_attribute_yes_no_v1,4223,73,118,0,1.2578125,-1.2578125
4223::294::cub_attribute_yes_no_v1,4223,73,294,1,0.984375,0.984375
4223::295::cub_attribute_yes_no_v1,4223,73,295,1,0.53125,0.53125
4223::299::cub_attribute_yes_no_v1,4223,73,299,0,-0.4921875,0.4921875
4223::305::cub_attribute_yes_no_v1,4223,73,305,0,-1.0859375,1.0859375
4223::306::cub_attribute_yes_no_v1,4223,73,306,0,1.1328125,-1.1328125
4223::311::cub_attribute_yes_no_v1,4223,73,311,0,0.75,-0.75
4223::312::cub_attribute_yes_no_v1,4223,73,312,1,0.796875,0.796875
4223::7::cub_attribute_yes_no_v1,4223,73,7,1,0.7890625,0.7890625
4233::100::cub_attribute_yes_no_v1,4233,73,100,0,-1.078125,1.078125
4233::102::cub_attribute_yes_no_v1,4233,73,102,1,-1.203125,-1.203125
4233::111::cub_attribute_yes_no_v1,4233,73,111,0,-0.3828125,0.3828125
4233::117::cub_attribute_yes_no_v1,4233,73,117,0,0.4921875,-0.4921875
4233::120::cub_attribute_yes_no_v1,4233,73,120,0,-0.09375,0.09375
4233::294::cub_attribute_yes_no_v1,4233,73,294,1,1.59375,1.59375
4233::305::cub_attribute_yes_no_v1,4233,73,305,0,-0.0546875,0.0546875
4233::309::cub_attribute_yes_no_v1,4233,73,309,0,0.015625,-0.015625
4233::310::cub_attribute_yes_no_v1,4233,73,310,0,0.9609375,-0.9609375
4233::311::cub_attribute_yes_no_v1,4233,73,311,0,0.25,-0.25
4233::312::cub_attribute_yes_no_v1,4233,73,312,1,0.25,0.25
4233::7::cub_attribute_yes_no_v1,4233,73,7,1,0.546875,0.546875
4233::8::cub_attribute_yes_no_v1,4233,73,8,0,-0.4140625,0.4140625
4510::107::cub_attribute_yes_no_v1,4510,78,107,0,-0.390625,0.390625
4510::117::cub_attribute_yes_no_v1,4510,78,117,0,0.2734375,-0.2734375
4510::118::cub_attribute_yes_no_v1,4510,78,118,1,1.2734375,1.2734375
4510::295::cub_attribute_yes_no_v1,4510,78,295,0,-0.0859375,0.0859375
4510::299::cub_attribute_yes_no_v1,4510,78,299,1,0.734375,0.734375
4510::308::cub_attribute_yes_no_v1,4510,78,308,0,-0.53125,0.53125
4510::309::cub_attribute_yes_no_v1,4510,78,309,0,0.5859375,-0.5859375
4510::311::cub_attribute_yes_no_v1,4510,78,311,1,0.4375,0.4375
4510::7::cub_attribute_yes_no_v1,4510,78,7,1,1.140625,1.140625
4510::8::cub_attribute_yes_no_v1,4510,78,8,0,-1.453125,1.453125
4523::100::cub_attribute_yes_no_v1,4523,78,100,0,-1.078125,1.078125
4523::101::cub_attribute_yes_no_v1,4523,78,101,1,0.8125,0.8125
4523::105::cub_attribute_yes_no_v1,4523,78,105,0,0.9609375,-0.9609375
4523::107::cub_attribute_yes_no_v1,4523,78,107,0,0.4140625,-0.4140625
4523::118::cub_attribute_yes_no_v1,4523,78,118,1,1.1484375,1.1484375
4523::295::cub_attribute_yes_no_v1,4523,78,295,1,-0.1171875,-0.1171875
4523::299::cub_attribute_yes_no_v1,4523,78,299,1,0.8359375,0.8359375
4523::306::cub_attribute_yes_no_v1,4523,78,306,0,-0.2109375,0.2109375
4523::308::cub_attribute_yes_no_v1,4523,78,308,0,-0.5546875,0.5546875
4523::311::cub_attribute_yes_no_v1,4523,78,311,1,0.7421875,0.7421875
4523::312::cub_attribute_yes_no_v1,4523,78,312,0,-0.6640625,0.6640625
4523::7::cub_attribute_yes_no_v1,4523,78,7,1,1.109375,1.109375
4523::8::cub_attribute_yes_no_v1,4523,78,8,0,-1.15625,1.15625
4544::102::cub_attribute_yes_no_v1,4544,78,102,1,-0.34375,-0.34375
4544::107::cub_attribute_yes_no_v1,4544,78,107,0,0.234375,-0.234375
4544::117::cub_attribute_yes_no_v1,4544,78,117,0,0.1171875,-0.1171875
4544::118::cub_attribute_yes_no_v1,4544,78,118,1,0.984375,0.984375
4544::295::cub_attribute_yes_no_v1,4544,78,295,0,-0.0625,0.0625
4544::299::cub_attribute_yes_no_v1,4544,78,299,1,1.015625,1.015625
4544::2::cub_attribute_yes_no_v1,4544,78,2,1,1.8671875,1.8671875
4544::305::cub_attribute_yes_no_v1,4544,78,305,0,-0.3359375,0.3359375
4544::306::cub_attribute_yes_no_v1,4544,78,306,0,-0.15625,0.15625
4544::308::cub_attribute_yes_no_v1,4544,78,308,0,-0.6640625,0.6640625
4544::309::cub_attribute_yes_no_v1,4544,78,309,1,-0.625,-0.625
4546::100::cub_attribute_yes_no_v1,4546,78,100,0,-1.015625,1.015625
4546::103::cub_attribute_yes_no_v1,4546,78,103,0,-0.5859375,0.5859375
4546::105::cub_attribute_yes_no_v1,4546,78,105,1,-0.578125,-0.578125
4546::111::cub_attribute_yes_no_v1,4546,78,111,0,-0.6640625,0.6640625
4546::117::cub_attribute_yes_no_v1,4546,78,117,0,0.578125,-0.578125
4546::118::cub_attribute_yes_no_v1,4546,78,118,1,1.2734375,1.2734375
4546::120::cub_attribute_yes_no_v1,4546,78,120,0,-0.3828125,0.3828125
4546::295::cub_attribute_yes_no_v1,4546,78,295,0,0.359375,-0.359375
4546::299::cub_attribute_yes_no_v1,4546,78,299,1,0.984375,0.984375
4546::2::cub_attribute_yes_no_v1,4546,78,2,0,-1.078125,1.078125
4546::305::cub_attribute_yes_no_v1,4546,78,305,0,-0.1328125,0.1328125
4546::306::cub_attribute_yes_no_v1,4546,78,306,0,-0.28125,0.28125
4546::311::cub_attribute_yes_no_v1,4546,78,311,1,0.0546875,0.0546875
4546::312::cub_attribute_yes_no_v1,4546,78,312,0,-0.015625,0.015625
4546::7::cub_attribute_yes_no_v1,4546,78,7,1,0.75,0.75
5340::107::cub_attribute_yes_no_v1,5340,92,107,1,0.546875,0.546875
5340::118::cub_attribute_yes_no_v1,5340,92,118,0,-1.3125,1.3125
5340::120::cub_attribute_yes_no_v1,5340,92,120,1,0.828125,0.828125
5340::295::cub_attribute_yes_no_v1,5340,92,295,1,1.0703125,1.0703125
5340::308::cub_attribute_yes_no_v1,5340,92,308,1,0.828125,0.828125
5340::310::cub_attribute_yes_no_v1,5340,92,310,1,0.546875,0.546875
5340::311::cub_attribute_yes_no_v1,5340,92,311,0,-0.0859375,0.0859375
5340::7::cub_attribute_yes_no_v1,5340,92,7,0,-0.7734375,0.7734375
5340::8::cub_attribute_yes_no_v1,5340,92,8,1,1.0234375,1.0234375
5348::101::cub_attribute_yes_no_v1,5348,92,101,1,0.8515625,0.8515625
5348::102::cub_attribute_yes_no_v1,5348,92,102,0,1.3671875,-1.3671875
5348::107::cub_attribute_yes_no_v1,5348,92,107,1,0.8359375,0.8359375
5348::111::cub_attribute_yes_no_v1,5348,92,111,0,0.046875,-0.046875
5348::117::cub_attribute_yes_no_v1,5348,92,117,1,-0.078125,-0.078125
5348::118::cub_attribute_yes_no_v1,5348,92,118,0,-0.390625,0.390625
5348::295::cub_attribute_yes_no_v1,5348,92,295,1,0.984375,0.984375
5348::305::cub_attribute_yes_no_v1,5348,92,305,1,0.265625,0.265625
5348::311::cub_attribute_yes_no_v1,5348,92,311,1,0.09375,0.09375
5348::7::cub_attribute_yes_no_v1,5348,92,7,1,0.921875,0.921875
5359::101::cub_attribute_yes_no_v1,5359,92,101,1,0.796875,0.796875
5359::295::cub_attribute_yes_no_v1,5359,92,295,1,0.484375,0.484375
5359::299::cub_attribute_yes_no_v1,5359,92,299,0,-0.609375,0.609375
5359::305::cub_attribute_yes_no_v1,5359,92,305,0,-0.171875,0.171875
5359::308::cub_attribute_yes_no_v1,5359,92,308,0,-0.625,0.625
5359::7::cub_attribute_yes_no_v1,5359,92,7,1,0.4765625,0.4765625
5371::100::cub_attribute_yes_no_v1,5371,92,100,0,-1.0859375,1.0859375
5371::101::cub_attribute_yes_no_v1,5371,92,101,0,-1.46875,1.46875
5371::102::cub_attribute_yes_no_v1,5371,92,102,1,-1.4296875,-1.4296875
5371::107::cub_attribute_yes_no_v1,5371,92,107,1,-0.0234375,-0.0234375
5371::117::cub_attribute_yes_no_v1,5371,92,117,0,0.046875,-0.046875
5371::118::cub_attribute_yes_no_v1,5371,92,118,1,-0.40625,-0.40625
5371::120::cub_attribute_yes_no_v1,5371,92,120,0,-0.625,0.625
5371::309::cub_attribute_yes_no_v1,5371,92,309,0,0.796875,-0.796875
5371::310::cub_attribute_yes_no_v1,5371,92,310,1,-0.125,-0.125
5371::311::cub_attribute_yes_no_v1,5371,92,311,0,-0.4453125,0.4453125
5371::312::cub_attribute_yes_no_v1,5371,92,312,0,-0.46875,0.46875
5371::7::cub_attribute_yes_no_v1,5371,92,7,0,-1.1015625,1.1015625
557::102::cub_attribute_yes_no_v1,557,11,102,1,-1.203125,-1.203125
557::103::cub_attribute_yes_no_v1,557,11,103,0,-0.8359375,0.8359375
557::107::cub_attribute_yes_no_v1,557,11,107,1,0.890625,0.890625
557::117::cub_attribute_yes_no_v1,557,11,117,1,0.8671875,0.8671875
557::118::cub_attribute_yes_no_v1,557,11,118,0,1.5703125,-1.5703125
557::295::cub_attribute_yes_no_v1,557,11,295,1,1.375,1.375
557::299::cub_attribute_yes_no_v1,557,11,299,0,-1.0546875,1.0546875
557::305::cub_attribute_yes_no_v1,557,11,305,1,0.8125,0.8125
557::308::cub_attribute_yes_no_v1,557,11,308,0,-0.90625,0.90625
557::312::cub_attribute_yes_no_v1,557,11,312,1,-0.90625,-0.90625
557::7::cub_attribute_yes_no_v1,557,11,7,1,0.15625,0.15625
557::96::cub_attribute_yes_no_v1,557,11,96,0,-0.9296875,0.9296875
559::104::cub_attribute_yes_no_v1,559,11,104,1,0.7265625,0.7265625
559::111::cub_attribute_yes_no_v1,559,11,111,1,0.625,0.625
559::117::cub_attribute_yes_no_v1,559,11,117,0,-0.9609375,0.9609375
559::118::cub_attribute_yes_no_v1,559,11,118,0,1.625,-1.625
559::120::cub_attribute_yes_no_v1,559,11,120,1,0.0234375,0.0234375
559::295::cub_attribute_yes_no_v1,559,11,295,1,1.84375,1.84375
559::299::cub_attribute_yes_no_v1,559,11,299,0,-1.109375,1.109375
559::2::cub_attribute_yes_no_v1,559,11,2,1,1.4140625,1.4140625
559::305::cub_attribute_yes_no_v1,559,11,305,1,1.015625,1.015625
559::309::cub_attribute_yes_no_v1,559,11,309,1,-0.421875,-0.421875
559::311::cub_attribute_yes_no_v1,559,11,311,0,0.8671875,-0.8671875
559::7::cub_attribute_yes_no_v1,559,11,7,0,-0.7109375,0.7109375
559::8::cub_attribute_yes_no_v1,559,11,8,0,-1.140625,1.140625
5764::101::cub_attribute_yes_no_v1,5764,99,101,1,0.34375,0.34375
5764::104::cub_attribute_yes_no_v1,5764,99,104,0,-1.0859375,1.0859375
5764::111::cub_attribute_yes_no_v1,5764,99,111,0,-0.4921875,0.4921875
5764::117::cub_attribute_yes_no_v1,5764,99,117,0,-0.0546875,0.0546875
5764::118::cub_attribute_yes_no_v1,5764,99,118,1,-0.171875,-0.171875
5764::120::cub_attribute_yes_no_v1,5764,99,120,0,-0.2421875,0.2421875
5764::305::cub_attribute_yes_no_v1,5764,99,305,0,-0.1328125,0.1328125
5764::308::cub_attribute_yes_no_v1,5764,99,308,0,-0.6015625,0.6015625
5764::309::cub_attribute_yes_no_v1,5764,99,309,0,0.59375,-0.59375
5764::311::cub_attribute_yes_no_v1,5764,99,311,1,1.1328125,1.1328125
5764::7::cub_attribute_yes_no_v1,5764,99,7,1,0.1875,0.1875
5771::100::cub_attribute_yes_no_v1,5771,99,100,0,-1.1171875,1.1171875
5771::101::cub_attribute_yes_no_v1,5771,99,101,1,0.734375,0.734375
5771::111::cub_attribute_yes_no_v1,5771,99,111,0,-0.1796875,0.1796875
5771::117::cub_attribute_yes_no_v1,5771,99,117,1,-0.2578125,-0.2578125
5771::120::cub_attribute_yes_no_v1,5771,99,120,0,-0.4140625,0.4140625
5771::309::cub_attribute_yes_no_v1,5771,99,309,1,-0.2734375,-0.2734375
5771::311::cub_attribute_yes_no_v1,5771,99,311,0,-0.625,0.625
5771::7::cub_attribute_yes_no_v1,5771,99,7,1,0.578125,0.578125
5771::96::cub_attribute_yes_no_v1,5771,99,96,1,1.0390625,1.0390625
577::100::cub_attribute_yes_no_v1,577,11,100,0,-0.84375,0.84375
577::101::cub_attribute_yes_no_v1,577,11,101,0,-0.6953125,0.6953125
577::103::cub_attribute_yes_no_v1,577,11,103,0,-0.8125,0.8125
577::104::cub_attribute_yes_no_v1,577,11,104,1,0.40625,0.40625
577::111::cub_attribute_yes_no_v1,577,11,111,1,0.6328125,0.6328125
577::118::cub_attribute_yes_no_v1,577,11,118,1,-1.8515625,-1.8515625
577::120::cub_attribute_yes_no_v1,577,11,120,1,0.625,0.625
577::295::cub_attribute_yes_no_v1,577,11,295,1,1.515625,1.515625
577::308::cub_attribute_yes_no_v1,577,11,308,1,1.1875,1.1875
577::311::cub_attribute_yes_no_v1,577,11,311,1,-0.7578125,-0.7578125
577::8::cub_attribute_yes_no_v1,577,11,8,1,0.640625,0.640625
5792::104::cub_attribute_yes_no_v1,5792,99,104,0,-1.5859375,1.5859375
5792::107::cub_attribute_yes_no_v1,5792,99,107,0,-0.65625,0.65625
5792::118::cub_attribute_yes_no_v1,5792,99,118,1,0.015625,0.015625
5792::120::cub_attribute_yes_no_v1,5792,99,120,0,-0.7109375,0.7109375
5792::295::cub_attribute_yes_no_v1,5792,99,295,1,1.390625,1.390625
5792::308::cub_attribute_yes_no_v1,5792,99,308,1,1.3046875,1.3046875
5792::309::cub_attribute_yes_no_v1,5792,99,309,1,-0.234375,-0.234375
5792::311::cub_attribute_yes_no_v1,5792,99,311,0,-1.3515625,1.3515625
5792::8::cub_attribute_yes_no_v1,5792,99,8,1,0.2890625,0.2890625
5803::102::cub_attribute_yes_no_v1,5803,99,102,0,1.578125,-1.578125
5803::104::cub_attribute_yes_no_v1,5803,99,104,1,1.328125,1.328125
5803::117::cub_attribute_yes_no_v1,5803,99,117,1,0.1015625,0.1015625
5803::118::cub_attribute_yes_no_v1,5803,99,118,1,0.3515625,0.3515625
5803::295::cub_attribute_yes_no_v1,5803,99,295,1,1.390625,1.390625
5803::299::cub_attribute_yes_no_v1,5803,99,299,1,0.609375,0.609375
5803::305::cub_attribute_yes_no_v1,5803,99,305,1,0.3046875,0.3046875
5803::306::cub_attribute_yes_no_v1,5803,99,306,0,-0.3203125,0.3203125
5803::309::cub_attribute_yes_no_v1,5803,99,309,1,-0.375,-0.375
5803::311::cub_attribute_yes_no_v1,5803,99,311,0,-2.2421875,2.2421875
5803::96::cub_attribute_yes_no_v1,5803,99,96,0,-1.6328125,1.6328125
598::104::cub_attribute_yes_no_v1,598,11,104,1,0.1640625,0.1640625
598::111::cub_attribute_yes_no_v1,598,11,111,1,0.2109375,0.2109375
598::117::cub_attribute_yes_no_v1,598,11,117,0,-1.1875,1.1875
598::118::cub_attribute_yes_no_v1,598,11,118,1,-1.5234375,-1.5234375
598::295::cub_attribute_yes_no_v1,598,11,295,1,1.09375,1.09375
598::299::cub_attribute_yes_no_v1,598,11,299,0,-0.3671875,0.3671875
598::305::cub_attribute_yes_no_v1,598,11,305,0,-0.65625,0.65625
598::309::cub_attribute_yes_no_v1,598,11,309,0,0.2578125,-0.2578125
598::311::cub_attribute_yes_no_v1,598,11,311,1,-0.3125,-0.3125
598::312::cub_attribute_yes_no_v1,598,11,312,0,0.0625,-0.0625
598::7::cub_attribute_yes_no_v1,598,11,7,1,0.6875,0.6875
598::8::cub_attribute_yes_no_v1,598,11,8,0,-0.9296875,0.9296875
6053::103::cub_attribute_yes_no_v1,6053,104,103,1,0.6484375,0.6484375
6053::104::cub_attribute_yes_no_v1,6053,104,104,0,-1.0390625,1.0390625
6053::105::cub_attribute_yes_no_v1,6053,104,105,1,-0.828125,-0.828125
6053::107::cub_attribute_yes_no_v1,6053,104,107,1,0.8515625,0.8515625
6053::117::cub_attribute_yes_no_v1,6053,104,117,0,0.2265625,-0.2265625
6053::118::cub_attribute_yes_no_v1,6053,104,118,0,0.671875,-0.671875
6053::120::cub_attribute_yes_no_v1,6053,104,120,1,0.4609375,0.4609375
6053::295::cub_attribute_yes_no_v1,6053,104,295,1,0.953125,0.953125
6053::305::cub_attribute_yes_no_v1,6053,104,305,0,-0.09375,0.09375
6053::308::cub_attribute_yes_no_v1,6053,104,308,0,-0.7890625,0.7890625
6053::311::cub_attribute_yes_no_v1,6053,104,311,1,1.015625,1.015625
6053::312::cub_attribute_yes_no_v1,6053,104,312,0,-0.03125,0.03125
6053::7::cub_attribute_yes_no_v1,6053,104,7,1,0.421875,0.421875
6053::8::cub_attribute_yes_no_v1,6053,104,8,0,-0.375,0.375
6053::96::cub_attribute_yes_no_v1,6053,104,96,1,1.2421875,1.2421875
6066::295::cub_attribute_yes_no_v1,6066,104,295,1,0.2109375,0.2109375
6066::308::cub_attribute_yes_no_v1,6066,104,308,1,0.265625,0.265625
6066::7::cub_attribute_yes_no_v1,6066,104,7,1,0.5625,0.5625
6080::102::cub_attribute_yes_no_v1,6080,104,102,1,-1.1875,-1.1875
6080::107::cub_attribute_yes_no_v1,6080,104,107,1,0.9140625,0.9140625
6080::111::cub_attribute_yes_no_v1,6080,104,111,0,-0.4296875,0.4296875
6080::117::cub_attribute_yes_no_v1,6080,104,117,0,0.640625,-0.640625
6080::118::cub_attribute_yes_no_v1,6080,104,118,1,-0.2265625,-0.2265625
6080::295::cub_attribute_yes_no_v1,6080,104,295,0,-0.609375,0.609375
6080::299::cub_attribute_yes_no_v1,6080,104,299,1,0.4921875,0.4921875
6080::311::cub_attribute_yes_no_v1,6080,104,311,0,-1.265625,1.265625
6080::312::cub_attribute_yes_no_v1,6080,104,312,1,0.28125,0.28125
6080::7::cub_attribute_yes_no_v1,6080,104,7,1,0.6953125,0.6953125
6088::100::cub_attribute_yes_no_v1,6088,104,100,1,0.8046875,0.8046875
6088::101::cub_attribute_yes_no_v1,6088,104,101,0,-0.671875,0.671875
6088::111::cub_attribute_yes_no_v1,6088,104,111,1,0.9375,0.9375
6088::118::cub_attribute_yes_no_v1,6088,104,118,0,0.7421875,-0.7421875
6088::120::cub_attribute_yes_no_v1,6088,104,120,1,0.1484375,0.1484375
6088::295::cub_attribute_yes_no_v1,6088,104,295,0,-0.4765625,0.4765625
6088::299::cub_attribute_yes_no_v1,6088,104,299,1,0.9609375,0.9609375
6088::311::cub_attribute_yes_no_v1,6088,104,311,1,1.1640625,1.1640625
6088::7::cub_attribute_yes_no_v1,6088,104,7,1,0.53125,0.53125
6088::8::cub_attribute_yes_no_v1,6088,104,8,0,-0.5234375,0.5234375
6265::102::cub_attribute_yes_no_v1,6265,108,102,1,-1.0625,-1.0625
6265::103::cub_attribute_yes_no_v1,6265,108,103,0,0.015625,-0.015625
6265::111::cub_attribute_yes_no_v1,6265,108,111,0,-0.8203125,0.8203125
6265::117::cub_attribute_yes_no_v1,6265,108,117,1,0.5234375,0.5234375
6265::118::cub_attribute_yes_no_v1,6265,108,118,0,-1.140625,1.140625
6265::120::cub_attribute_yes_no_v1,6265,108,120,0,-0.1484375,0.1484375
6265::305::cub_attribute_yes_no_v1,6265,108,305,1,0.96875,0.96875
6265::308::cub_attribute_yes_no_v1,6265,108,308,0,0.109375,-0.109375
6265::309::cub_attribute_yes_no_v1,6265,108,309,1,-0.5390625,-0.5390625
6265::311::cub_attribute_yes_no_v1,6265,108,311,0,0.09375,-0.09375
6265::312::cub_attribute_yes_no_v1,6265,108,312,0,0.53125,-0.53125
6309::102::cub_attribute_yes_no_v1,6309,108,102,1,-1.40625,-1.40625
6309::104::cub_attribute_yes_no_v1,6309,108,104,0,-0.4375,0.4375
6309::295::cub_attribute_yes_no_v1,6309,108,295,0,-0.0,0.0
6309::305::cub_attribute_yes_no_v1,6309,108,305,1,0.6171875,0.6171875
6309::309::cub_attribute_yes_no_v1,6309,108,309,1,-0.78125,-0.78125
6309::311::cub_attribute_yes_no_v1,6309,108,311,0,-0.078125,0.078125
6309::7::cub_attribute_yes_no_v1,6309,108,7,1,0.65625,0.65625
6316::117::cub_attribute_yes_no_v1,6316,108,117,1,0.6015625,0.6015625
6316::118::cub_attribute_yes_no_v1,6316,108,118,0,0.546875,-0.546875
6316::305::cub_attribute_yes_no_v1,6316,108,305,1,0.5546875,0.5546875
6316::309::cub_attribute_yes_no_v1,6316,108,309,1,-0.703125,-0.703125
6316::311::cub_attribute_yes_no_v1,6316,108,311,0,0.3828125,-0.3828125
6316::7::cub_attribute_yes_no_v1,6316,108,7,0,-0.6328125,0.6328125
6316::8::cub_attribute_yes_no_v1,6316,108,8,1,0.578125,0.578125
7164::102::cub_attribute_yes_no_v1,7164,123,102,0,1.8671875,-1.8671875
7164::103::cub_attribute_yes_no_v1,7164,123,103,1,0.75,0.75
7164::104::cub_attribute_yes_no_v1,7164,123,104,1,1.6875,1.6875
7164::117::cub_attribute_yes_no_v1,7164,123,117,1,-0.375,-0.375
7164::118::cub_attribute_yes_no_v1,7164,123,118,0,-0.6015625,0.6015625
7164::120::cub_attribute_yes_no_v1,7164,123,120,1,0.6796875,0.6796875
7164::295::cub_attribute_yes_no_v1,7164,123,295,1,0.2890625,0.2890625
7164::299::cub_attribute_yes_no_v1,7164,123,299,0,0.171875,-0.171875
7164::308::cub_attribute_yes_no_v1,7164,123,308,1,0.84375,0.84375
7164::5::cub_attribute_yes_no_v1,7164,123,5,0,0.3125,-0.3125
7164::7::cub_attribute_yes_no_v1,7164,123,7,1,0.3671875,0.3671875
7164::96::cub_attribute_yes_no_v1,7164,123,96,1,1.234375,1.234375
7191::104::cub_attribute_yes_no_v1,7191,123,104,1,0.7734375,0.7734375
7191::107::cub_attribute_yes_no_v1,7191,123,107,1,0.8359375,0.8359375
7191::118::cub_attribute_yes_no_v1,7191,123,118,0,-0.2109375,0.2109375
7191::120::cub_attribute_yes_no_v1,7191,123,120,1,0.9140625,0.9140625
7191::295::cub_attribute_yes_no_v1,7191,123,295,1,0.609375,0.609375
7191::305::cub_attribute_yes_no_v1,7191,123,305,1,-0.25,-0.25
7191::309::cub_attribute_yes_no_v1,7191,123,309,0,0.296875,-0.296875
7191::311::cub_attribute_yes_no_v1,7191,123,311,1,1.203125,1.203125
7191::5::cub_attribute_yes_no_v1,7191,123,5,0,0.1796875,-0.1796875
7191::7::cub_attribute_yes_no_v1,7191,123,7,1,0.828125,0.828125
7201::104::cub_attribute_yes_no_v1,7201,123,104,1,1.1796875,1.1796875
7201::107::cub_attribute_yes_no_v1,7201,123,107,0,0.40625,-0.40625
7201::111::cub_attribute_yes_no_v1,7201,123,111,0,0.3203125,-0.3203125
7201::117::cub_attribute_yes_no_v1,7201,123,117,1,-0.78125,-0.78125
7201::118::cub_attribute_yes_no_v1,7201,123,118,0,-0.3828125,0.3828125
7201::120::cub_attribute_yes_no_v1,7201,123,120,1,0.3671875,0.3671875
7201::295::cub_attribute_yes_no_v1,7201,123,295,0,0.2890625,-0.2890625
7201::299::cub_attribute_yes_no_v1,7201,123,299,0,0.1953125,-0.1953125
7201::305::cub_attribute_yes_no_v1,7201,123,305,1,-0.578125,-0.578125
7201::308::cub_attribute_yes_no_v1,7201,123,308,1,0.65625,0.65625
7201::310::cub_attribute_yes_no_v1,7201,123,310,0,-0.3984375,0.3984375
7201::311::cub_attribute_yes_no_v1,7201,123,311,1,0.90625,0.90625
7201::312::cub_attribute_yes_no_v1,7201,123,312,0,-0.15625,0.15625
7201::7::cub_attribute_yes_no_v1,7201,123,7,0,-0.453125,0.453125
7201::8::cub_attribute_yes_no_v1,7201,123,8,1,0.4765625,0.4765625
7208::100::cub_attribute_yes_no_v1,7208,123,100,0,-1.015625,1.015625
7208::102::cub_attribute_yes_no_v1,7208,123,102,0,0.6640625,-0.6640625
7208::111::cub_attribute_yes_no_v1,7208,123,111,0,-0.5078125,0.5078125
7208::117::cub_attribute_yes_no_v1,7208,123,117,1,-0.3125,-0.3125
7208::118::cub_attribute_yes_no_v1,7208,123,118,1,0.5390625,0.5390625
7208::295::cub_attribute_yes_no_v1,7208,123,295,1,0.2265625,0.2265625
7208::305::cub_attribute_yes_no_v1,7208,123,305,1,-0.0078125,-0.0078125
7208::306::cub_attribute_yes_no_v1,7208,123,306,0,-0.453125,0.453125
7208::308::cub_attribute_yes_no_v1,7208,123,308,0,-0.8203125,0.8203125
7208::310::cub_attribute_yes_no_v1,7208,123,310,0,0.0859375,-0.0859375
7208::311::cub_attribute_yes_no_v1,7208,123,311,0,-0.0625,0.0625
7208::312::cub_attribute_yes_no_v1,7208,123,312,1,-0.0234375,-0.0234375
7208::7::cub_attribute_yes_no_v1,7208,123,7,0,-0.8359375,0.8359375
7208::8::cub_attribute_yes_no_v1,7208,123,8,1,0.953125,0.953125
7208::96::cub_attribute_yes_no_v1,7208,123,96,1,0.9453125,0.9453125
7298::101::cub_attribute_yes_no_v1,7298,125,101,0,-0.4453125,0.4453125
7298::102::cub_attribute_yes_no_v1,7298,125,102,0,1.3828125,-1.3828125
7298::104::cub_attribute_yes_no_v1,7298,125,104,1,1.1015625,1.1015625
7298::107::cub_attribute_yes_no_v1,7298,125,107,1,0.734375,0.734375
7298::111::cub_attribute_yes_no_v1,7298,125,111,1,0.484375,0.484375
7298::117::cub_attribute_yes_no_v1,7298,125,117,1,-0.2734375,-0.2734375
7298::118::cub_attribute_yes_no_v1,7298,125,118,0,0.1484375,-0.1484375
7298::120::cub_attribute_yes_no_v1,7298,125,120,0,-0.4921875,0.4921875
7298::295::cub_attribute_yes_no_v1,7298,125,295,1,1.0546875,1.0546875
7298::299::cub_attribute_yes_no_v1,7298,125,299,1,0.78125,0.78125
7298::305::cub_attribute_yes_no_v1,7298,125,305,1,0.3203125,0.3203125
7298::310::cub_attribute_yes_no_v1,7298,125,310,0,-1.1640625,1.1640625
7298::311::cub_attribute_yes_no_v1,7298,125,311,1,1.296875,1.296875
7298::8::cub_attribute_yes_no_v1,7298,125,8,1,0.5625,0.5625
7300::103::cub_attribute_yes_no_v1,7300,125,103,1,0.7578125,0.7578125
7300::105::cub_attribute_yes_no_v1,7300,125,105,0,0.203125,-0.203125
7300::111::cub_attribute_yes_no_v1,7300,125,111,1,0.609375,0.609375
7300::117::cub_attribute_yes_no_v1,7300,125,117,1,-0.015625,-0.015625
7300::118::cub_attribute_yes_no_v1,7300,125,118,0,0.5859375,-0.5859375
7300::295::cub_attribute_yes_no_v1,7300,125,295,1,0.890625,0.890625
7300::305::cub_attribute_yes_no_v1,7300,125,305,1,0.734375,0.734375
7300::311::cub_attribute_yes_no_v1,7300,125,311,1,0.8046875,0.8046875
7300::8::cub_attribute_yes_no_v1,7300,125,8,1,0.578125,0.578125
7307::104::cub_attribute_yes_no_v1,7307,125,104,1,0.8046875,0.8046875
7307::105::cub_attribute_yes_no_v1,7307,125,105,0,0.515625,-0.515625
7307::117::cub_attribute_yes_no_v1,7307,125,117,1,-0.03125,-0.03125
7307::118::cub_attribute_yes_no_v1,7307,125,118,0,-0.1015625,0.1015625
7307::120::cub_attribute_yes_no_v1,7307,125,120,1,0.3671875,0.3671875
7307::295::cub_attribute_yes_no_v1,7307,125,295,1,0.90625,0.90625
7307::299::cub_attribute_yes_no_v1,7307,125,299,0,-0.859375,0.859375
7307::311::cub_attribute_yes_no_v1,7307,125,311,0,-0.75,0.75
7307::312::cub_attribute_yes_no_v1,7307,125,312,1,0.3359375,0.3359375
7307::7::cub_attribute_yes_no_v1,7307,125,7,0,-0.359375,0.359375
7307::8::cub_attribute_yes_no_v1,7307,125,8,1,0.5,0.5
7325::100::cub_attribute_yes_no_v1,7325,125,100,0,-1.0390625,1.0390625
7325::101::cub_attribute_yes_no_v1,7325,125,101,1,0.3046875,0.3046875
7325::104::cub_attribute_yes_no_v1,7325,125,104,0,-0.6484375,0.6484375
7325::111::cub_attribute_yes_no_v1,7325,125,111,1,0.5703125,0.5703125
7325::117::cub_attribute_yes_no_v1,7325,125,117,1,-0.8515625,-0.8515625
7325::120::cub_attribute_yes_no_v1,7325,125,120,0,-0.1796875,0.1796875
7325::299::cub_attribute_yes_no_v1,7325,125,299,1,0.71875,0.71875
7325::309::cub_attribute_yes_no_v1,7325,125,309,0,0.4453125,-0.4453125
7325::311::cub_attribute_yes_no_v1,7325,125,311,1,0.5703125,0.5703125
7325::312::cub_attribute_yes_no_v1,7325,125,312,0,-0.515625,0.515625
7325::7::cub_attribute_yes_no_v1,7325,125,7,0,-0.4765625,0.4765625
7325::8::cub_attribute_yes_no_v1,7325,125,8,1,0.4609375,0.4609375
7571::100::cub_attribute_yes_no_v1,7571,130,100,0,-1.015625,1.015625
7571::103::cub_attribute_yes_no_v1,7571,130,103,1,0.3984375,0.3984375
7571::120::cub_attribute_yes_no_v1,7571,130,120,0,-1.3125,1.3125
7571::295::cub_attribute_yes_no_v1,7571,130,295,0,-1.5390625,1.5390625
7571::308::cub_attribute_yes_no_v1,7571,130,308,1,1.859375,1.859375
7571::311::cub_attribute_yes_no_v1,7571,130,311,1,0.3515625,0.3515625
7571::312::cub_attribute_yes_no_v1,7571,130,312,0,-0.4140625,0.4140625
7571::7::cub_attribute_yes_no_v1,7571,130,7,0,-0.140625,0.140625
7571::8::cub_attribute_yes_no_v1,7571,130,8,1,-0.046875,-0.046875
7585::100::cub_attribute_yes_no_v1,7585,130,100,0,-1.0546875,1.0546875
7585::102::cub_attribute_yes_no_v1,7585,130,102,0,0.6875,-0.6875
7585::105::cub_attribute_yes_no_v1,7585,130,105,1,-0.40625,-0.40625
7585::107::cub_attribute_yes_no_v1,7585,130,107,0,-0.8125,0.8125
7585::111::cub_attribute_yes_no_v1,7585,130,111,1,1.078125,1.078125
7585::117::cub_attribute_yes_no_v1,7585,130,117,0,0.1015625,-0.1015625
7585::118::cub_attribute_yes_no_v1,7585,130,118,1,0.1640625,0.1640625
7585::120::cub_attribute_yes_no_v1,7585,130,120,1,0.484375,0.484375
7585::295::cub_attribute_yes_no_v1,7585,130,295,1,1.1953125,1.1953125
7585::299::cub_attribute_yes_no_v1,7585,130,299,0,-1.4140625,1.4140625
7585::305::cub_attribute_yes_no_v1,7585,130,305,1,0.3359375,0.3359375
7585::306::cub_attribute_yes_no_v1,7585,130,306,0,-0.421875,0.421875
7585::309::cub_attribute_yes_no_v1,7585,130,309,0,0.4375,-0.4375
7585::311::cub_attribute_yes_no_v1,7585,130,311,1,0.28125,0.28125
7585::7::cub_attribute_yes_no_v1,7585,130,7,0,-0.8203125,0.8203125
7585::8::cub_attribute_yes_no_v1,7585,130,8,1,0.9453125,0.9453125
7585::96::cub_attribute_yes_no_v1,7585,130,96,0,-0.9921875,0.9921875
7619::101::cub_attribute_yes_no_v1,7619,130,101,1,0.5625,0.5625
7619::111::cub_attribute_yes_no_v1,7619,130,111,0,-0.875,0.875
7619::117::cub_attribute_yes_no_v1,7619,130,117,0,0.4765625,-0.4765625
7619::118::cub_attribute_yes_no_v1,7619,130,118,0,-0.1953125,0.1953125
7619::120::cub_attribute_yes_no_v1,7619,130,120,1,0.9140625,0.9140625
7619::295::cub_attribute_yes_no_v1,7619,130,295,1,0.8359375,0.8359375
7619::299::cub_attribute_yes_no_v1,7619,130,299,0,-0.9765625,0.9765625
7619::310::cub_attribute_yes_no_v1,7619,130,310,0,-0.6875,0.6875
7619::311::cub_attribute_yes_no_v1,7619,130,311,1,1.046875,1.046875
7619::312::cub_attribute_yes_no_v1,7619,130,312,0,-0.75,0.75
7619::5::cub_attribute_yes_no_v1,7619,130,5,0,-0.21875,0.21875
7619::7::cub_attribute_yes_no_v1,7619,130,7,0,-0.4453125,0.4453125
7619::8::cub_attribute_yes_no_v1,7619,130,8,1,0.328125,0.328125
7627::101::cub_attribute_yes_no_v1,7627,131,101,1,1.3515625,1.3515625
7627::102::cub_attribute_yes_no_v1,7627,131,102,0,1.453125,-1.453125
7627::111::cub_attribute_yes_no_v1,7627,131,111,1,0.1796875,0.1796875
7627::117::cub_attribute_yes_no_v1,7627,131,117,0,0.7578125,-0.7578125
7627::120::cub_attribute_yes_no_v1,7627,131,120,0,-0.6796875,0.6796875
7627::295::cub_attribute_yes_no_v1,7627,131,295,0,-0.3125,0.3125
7627::299::cub_attribute_yes_no_v1,7627,131,299,1,0.2421875,0.2421875
7627::305::cub_attribute_yes_no_v1,7627,131,305,0,0.4140625,-0.4140625
7627::306::cub_attribute_yes_no_v1,7627,131,306,1,0.1640625,0.1640625
7627::309::cub_attribute_yes_no_v1,7627,131,309,0,0.5625,-0.5625
7627::310::cub_attribute_yes_no_v1,7627,131,310,0,-1.0,1.0
7627::311::cub_attribute_yes_no_v1,7627,131,311,1,1.328125,1.328125
7627::7::cub_attribute_yes_no_v1,7627,131,7,0,-0.3125,0.3125
7627::8::cub_attribute_yes_no_v1,7627,131,8,1,0.234375,0.234375
7627::96::cub_attribute_yes_no_v1,7627,131,96,0,-1.171875,1.171875
7635::117::cub_attribute_yes_no_v1,7635,131,117,0,0.171875,-0.171875
7635::118::cub_attribute_yes_no_v1,7635,131,118,1,1.046875,1.046875
7635::120::cub_attribute_yes_no_v1,7635,131,120,1,0.9921875,0.9921875
7635::295::cub_attribute_yes_no_v1,7635,131,295,0,-0.859375,0.859375
7635::299::cub_attribute_yes_no_v1,7635,131,299,1,0.671875,0.671875
7635::305::cub_attribute_yes_no_v1,7635,131,305,0,0.015625,-0.015625
7635::308::cub_attribute_yes_no_v1,7635,131,308,1,1.0703125,1.0703125
7635::309::cub_attribute_yes_no_v1,7635,131,309,1,-0.4609375,-0.4609375
7635::312::cub_attribute_yes_no_v1,7635,131,312,0,-0.4921875,0.4921875
7635::8::cub_attribute_yes_no_v1,7635,131,8,1,0.203125,0.203125
7635::96::cub_attribute_yes_no_v1,7635,131,96,1,1.1796875,1.1796875
7670::100::cub_attribute_yes_no_v1,7670,131,100,1,1.0625,1.0625
7670::101::cub_attribute_yes_no_v1,7670,131,101,0,-0.9140625,0.9140625
7670::117::cub_attribute_yes_no_v1,7670,131,117,1,-0.59375,-0.59375
7670::118::cub_attribute_yes_no_v1,7670,131,118,1,0.4140625,0.4140625
7670::120::cub_attribute_yes_no_v1,7670,131,120,0,-0.6796875,0.6796875
7670::295::cub_attribute_yes_no_v1,7670,131,295,0,-0.4609375,0.4609375
7670::305::cub_attribute_yes_no_v1,7670,131,305,1,-0.3671875,-0.3671875
7670::306::cub_attribute_yes_no_v1,7670,131,306,1,0.2890625,0.2890625
7670::308::cub_attribute_yes_no_v1,7670,131,308,0,-0.8203125,0.8203125
7670::311::cub_attribute_yes_no_v1,7670,131,311,1,1.328125,1.328125
7670::7::cub_attribute_yes_no_v1,7670,131,7,0,-0.6796875,0.6796875
7670::8::cub_attribute_yes_no_v1,7670,131,8,1,0.65625,0.65625
7677::101::cub_attribute_yes_no_v1,7677,131,101,1,0.203125,0.203125
7677::107::cub_attribute_yes_no_v1,7677,131,107,0,0.2265625,-0.2265625
7677::117::cub_attribute_yes_no_v1,7677,131,117,0,1.0,-1.0
7677::118::cub_attribute_yes_no_v1,7677,131,118,1,0.7734375,0.7734375
7677::120::cub_attribute_yes_no_v1,7677,131,120,1,0.6171875,0.6171875
7677::295::cub_attribute_yes_no_v1,7677,131,295,0,-0.0,0.0
7677::299::cub_attribute_yes_no_v1,7677,131,299,0,-0.1328125,0.1328125
7677::305::cub_attribute_yes_no_v1,7677,131,305,0,0.6015625,-0.6015625
7677::308::cub_attribute_yes_no_v1,7677,131,308,1,0.734375,0.734375
7677::311::cub_attribute_yes_no_v1,7677,131,311,1,0.6015625,0.6015625
7677::8::cub_attribute_yes_no_v1,7677,131,8,1,0.125,0.125
8782::101::cub_attribute_yes_no_v1,8782,150,101,1,1.890625,1.890625
8782::104::cub_attribute_yes_no_v1,8782,150,104,0,-0.8515625,0.8515625
8782::107::cub_attribute_yes_no_v1,8782,150,107,0,-0.4609375,0.4609375
8782::111::cub_attribute_yes_no_v1,8782,150,111,1,0.9140625,0.9140625
8782::118::cub_attribute_yes_no_v1,8782,150,118,1,-0.453125,-0.453125
8782::120::cub_attribute_yes_no_v1,8782,150,120,0,-0.4453125,0.4453125
8782::311::cub_attribute_yes_no_v1,8782,150,311,1,0.7578125,0.7578125
8787::101::cub_attribute_yes_no_v1,8787,150,101,1,1.28125,1.28125
8787::102::cub_attribute_yes_no_v1,8787,150,102,0,1.265625,-1.265625
8787::107::cub_attribute_yes_no_v1,8787,150,107,1,0.828125,0.828125
8787::117::cub_attribute_yes_no_v1,8787,150,117,0,0.3046875,-0.3046875
8787::118::cub_attribute_yes_no_v1,8787,150,118,1,-0.9921875,-0.9921875
8787::120::cub_attribute_yes_no_v1,8787,150,120,1,0.5,0.5
8787::295::cub_attribute_yes_no_v1,8787,150,295,1,0.859375,0.859375
8787::305::cub_attribute_yes_no_v1,8787,150,305,0,-0.046875,0.046875
8787::308::cub_attribute_yes_no_v1,8787,150,308,1,0.796875,0.796875
8787::311::cub_attribute_yes_no_v1,8787,150,311,1,0.140625,0.140625
8787::7::cub_attribute_yes_no_v1,8787,150,7,0,-0.6953125,0.6953125
8787::8::cub_attribute_yes_no_v1,8787,150,8,0,-0.65625,0.65625
8804::101::cub_attribute_yes_no_v1,8804,150,101,1,1.4921875,1.4921875
8804::107::cub_attribute_yes_no_v1,8804,150,107,1,0.875,0.875
8804::117::cub_attribute_yes_no_v1,8804,150,117,0,0.125,-0.125
8804::118::cub_attribute_yes_no_v1,8804,150,118,0,-0.25,0.25
8804::120::cub_attribute_yes_no_v1,8804,150,120,1,0.6875,0.6875
8804::294::cub_attribute_yes_no_v1,8804,150,294,0,0.609375,-0.609375
8804::295::cub_attribute_yes_no_v1,8804,150,295,0,-0.625,0.625
8804::305::cub_attribute_yes_no_v1,8804,150,305,0,-0.109375,0.109375
8804::308::cub_attribute_yes_no_v1,8804,150,308,1,0.640625,0.640625
8804::309::cub_attribute_yes_no_v1,8804,150,309,0,0.34375,-0.34375
8804::311::cub_attribute_yes_no_v1,8804,150,311,1,0.59375,0.59375
8804::7::cub_attribute_yes_no_v1,8804,150,7,1,0.5390625,0.5390625
8815::101::cub_attribute_yes_no_v1,8815,150,101,0,-0.578125,0.578125
8815::102::cub_attribute_yes_no_v1,8815,150,102,1,-1.34375,-1.34375
8815::111::cub_attribute_yes_no_v1,8815,150,111,0,-0.5625,0.5625
8815::117::cub_attribute_yes_no_v1,8815,150,117,1,0.4296875,0.4296875
8815::118::cub_attribute_yes_no_v1,8815,150,118,1,-0.7578125,-0.7578125
8815::120::cub_attribute_yes_no_v1,8815,150,120,0,-0.03125,0.03125
8815::295::cub_attribute_yes_no_v1,8815,150,295,0,-0.546875,0.546875
8815::299::cub_attribute_yes_no_v1,8815,150,299,1,0.671875,0.671875
8815::311::cub_attribute_yes_no_v1,8815,150,311,1,1.4296875,1.4296875
8815::312::cub_attribute_yes_no_v1,8815,150,312,0,-1.34375,1.34375
8815::7::cub_attribute_yes_no_v1,8815,150,7,1,0.7578125,0.7578125
8815::8::cub_attribute_yes_no_v1,8815,150,8,0,-0.8046875,0.8046875
9302::100::cub_attribute_yes_no_v1,9302,159,100,1,1.3984375,1.3984375
9302::117::cub_attribute_yes_no_v1,9302,159,117,1,-0.25,-0.25
9302::120::cub_attribute_yes_no_v1,9302,159,120,0,-0.5,0.5
9302::305::cub_attribute_yes_no_v1,9302,159,305,1,-0.34375,-0.34375
9302::306::cub_attribute_yes_no_v1,9302,159,306,1,0.234375,0.234375
9302::310::cub_attribute_yes_no_v1,9302,159,310,0,-1.4765625,1.4765625
9302::311::cub_attribute_yes_no_v1,9302,159,311,1,1.375,1.375
9302::7::cub_attribute_yes_no_v1,9302,159,7,1,0.125,0.125
9302::96::cub_attribute_yes_no_v1,9302,159,96,1,1.1640625,1.1640625
9307::101::cub_attribute_yes_no_v1,9307,159,101,0,-0.6328125,0.6328125
9307::104::cub_attribute_yes_no_v1,9307,159,104,0,-1.0,1.0
9307::111::cub_attribute_yes_no_v1,9307,159,111,1,0.9609375,0.9609375
9307::117::cub_attribute_yes_no_v1,9307,159,117,1,-0.5390625,-0.5390625
9307::118::cub_attribute_yes_no_v1,9307,159,118,1,0.8984375,0.8984375
9307::120::cub_attribute_yes_no_v1,9307,159,120,0,-0.5078125,0.5078125
9307::299::cub_attribute_yes_no_v1,9307,159,299,1,0.7265625,0.7265625
9307::306::cub_attribute_yes_no_v1,9307,159,306,1,0.4140625,0.4140625
9307::309::cub_attribute_yes_no_v1,9307,159,309,0,0.765625,-0.765625
9307::311::cub_attribute_yes_no_v1,9307,159,311,1,1.71875,1.71875
9307::312::cub_attribute_yes_no_v1,9307,159,312,0,-1.7109375,1.7109375
9307::7::cub_attribute_yes_no_v1,9307,159,7,1,0.2578125,0.2578125
9307::8::cub_attribute_yes_no_v1,9307,159,8,0,0.03125,-0.03125
9307::96::cub_attribute_yes_no_v1,9307,159,96,1,1.03125,1.03125
9331::101::cub_attribute_yes_no_v1,9331,159,101,0,-1.328125,1.328125
9331::104::cub_attribute_yes_no_v1,9331,159,104,1,1.328125,1.328125
9331::105::cub_attribute_yes_no_v1,9331,159,105,0,0.4921875,-0.4921875
9331::111::cub_attribute_yes_no_v1,9331,159,111,0,-0.4296875,0.4296875
9331::117::cub_attribute_yes_no_v1,9331,159,117,1,-0.7109375,-0.7109375
9331::118::cub_attribute_yes_no_v1,9331,159,118,1,1.2109375,1.2109375
9331::120::cub_attribute_yes_no_v1,9331,159,120,0,-0.6484375,0.6484375
9331::295::cub_attribute_yes_no_v1,9331,159,295,0,0.28125,-0.28125
9331::305::cub_attribute_yes_no_v1,9331,159,305,1,-0.1484375,-0.1484375
9331::306::cub_attribute_yes_no_v1,9331,159,306,1,0.96875,0.96875
9331::308::cub_attribute_yes_no_v1,9331,159,308,0,-1.0625,1.0625
9331::311::cub_attribute_yes_no_v1,9331,159,311,1,0.953125,0.953125
9331::7::cub_attribute_yes_no_v1,9331,159,7,1,0.328125,0.328125
9331::96::cub_attribute_yes_no_v1,9331,159,96,0,-1.59375,1.59375
9340::100::cub_attribute_yes_no_v1,9340,159,100,1,1.2265625,1.2265625
9340::107::cub_attribute_yes_no_v1,9340,159,107,0,-0.0546875,0.0546875
9340::117::cub_attribute_yes_no_v1,9340,159,117,1,-0.203125,-0.203125
9340::118::cub_attribute_yes_no_v1,9340,159,118,1,0.9296875,0.9296875
9340::299::cub_attribute_yes_no_v1,9340,159,299,0,-0.6640625,0.6640625
9340::305::cub_attribute_yes_no_v1,9340,159,305,1,0.1015625,0.1015625
9340::306::cub_attribute_yes_no_v1,9340,159,306,1,0.40625,0.40625
9340::309::cub_attribute_yes_no_v1,9340,159,309,0,1.421875,-1.421875
9340::311::cub_attribute_yes_no_v1,9340,159,311,0,-1.59375,1.59375
9340::312::cub_attribute_yes_no_v1,9340,159,312,1,2.125,2.125
9340::7::cub_attribute_yes_no_v1,9340,159,7,1,0.3984375,0.3984375
9340::8::cub_attribute_yes_no_v1,9340,159,8,0,-0.328125,0.328125
